0,train/0\0a073ede56c1426f87b6c019eb15d69c.jpg
0,train/0\0c22224cae0e465aa38ee909bcf97792.jpg
0,train/0\0cf8759b79334022b08e0c9085933810.jpg
0,train/0\01a9bb53ce1e4c76a292f6dcf601dfc4.jpg
0,train/0\1b279cec6efc4907be243845bf5cab48.jpg
0,train/0\3beef9c012f24ab0abe790137d598bfd.jpg
0,train/0\3fa77c3dd66841acad35ce85f8b657be.jpg
0,train/0\4a589890c3b64d158788ed88893a7fb4.jpg
0,train/0\6e38c35080334d69b40f8e2969940181.jpg
0,train/0\8f0188ca1b4244f4a61ff901baf2a713.jpg
0,train/0\1657dc6ff66740dbbb7d8267bebcbfbc.jpg
0,train/0\2060e3b6a2ee49eb87c2dc7f8c7a3f85.jpg
0,train/0\3110bc23839f44078917ec39e987604b.jpg
0,train/0\4758b854721646fc8e7375ef451b25cf.jpg
0,train/0\39040d038e9c4feba65f29aeef68d6a8.jpg
0,train/0\52069c39e86e43dc96c0aac4573696af.jpg
0,train/0\1806868b116647788aba3a4d98885dd4.jpg
0,train/0\aece1ad81ac94326907b9723539d7409.jpg
0,train/0\ba243618a24f4b39b7bb4b40790bd1b4.jpg
