0,train/0\0a6ff2f1102d400c87ba2535238e2f1b.jpg
0,train/0\0aa3d051bcc54dfa9d4faaf5b3bacc9e.jpg
0,train/0\0b55b73fcba1493d8bc739ea1a5e86bb.jpg
0,train/0\0c79135b2cfa4544b9c80645f2a5b650.jpg
0,train/0\0ee40ee8d041499d9e99767564ef9db1.jpg
0,train/0\1ace21ffd2024fdaae3a42195bb38693.jpg
0,train/0\2a59d3bf64d04d20a84fab40496b1302.jpg
0,train/0\3e38a6dc18f34418a07dc848fe3b0ccf.jpg
0,train/0\3e79c224af2d448da71c7d1793f68c80.jpg
0,train/0\4a8c63ce5d97475e849277ed3d4e3c08.jpg
0,train/0\4b96dd28fe234c9a9f3ff2e88ce23027.jpg
0,train/0\6de4215584be477fafc5d6d905127f23.jpg
0,train/0\7bb4ff1d9da04e5ca19eb67ac6580974.jpg
0,train/0\7aa6f50a900942649a0a1b74ff0611ff.jpg
0,train/0\7a758d5ba0a24d9c8bacb19d48283d31.jpg
0,train/0\07f4d5b2f71c4ac8982bfb87d46fce92.jpg
0,train/0\7cdc8a849baf41d89727a44bfd8e214b.jpg
0,train/0\36bba039d3f24461a1afff7649b32ec2.jpg
0,train/0\033b634827e547669faec9be12bcfd92.jpg
