0,train/0\0024d79fd28c430888b3eedca5c5a7de.jpg
0,train/0\018575f0e93e4301898b6dd4f6ce4dd6.jpg
0,train/0\01a9bb53ce1e4c76a292f6dcf601dfc4.jpg
0,train/0\01e003e21d8248269cab3a9ff38d17bb.jpg
0,train/0\01f9829699de47c6907254cf5323d88e.jpg
0,train/0\0249b6d00cc2480eb1d3d69d08398c14.jpg
0,train/0\030338dba578441e834c5e74a80fd2b7.jpg
0,train/0\0336a68020674c76916f88f78cc7f04f.jpg
0,train/0\033b634827e547669faec9be12bcfd92.jpg
0,train/0\033e57ed1e974efc9c38e6cf4ca29526.jpg
0,train/0\034b26ad7d9c4dc596a45cf5f41db31e.jpg
0,train/0\037564e554464cf798b2011fa3736719.jpg
0,train/0\037abf5ed1eb44439b862206500ddf2f.jpg
0,train/0\03b8c773fe444232b969eea0bd151eb9.jpg
0,train/0\03db9196054d4a7a85e799fc63369543.jpg
0,train/0\0442e78f07df4d5d83832d99b11fd017.jpg
0,train/0\04a649b7a35f43ef9d879753d6b103af.jpg
0,train/0\04aea8bfab9b4baf97cb5f68a7138975.jpg
0,train/0\04f2183b10e644bc9fea93e79004158b.jpg
0,train/0\0544cd2984ce440699a8f008ad223859.jpg
0,train/0\057e2b53b7594e3294459fb9de1c3c51.jpg
0,train/0\062dba3f22944c45b79f256fddb70d62.jpg
0,train/0\062f34e2c7934ac78993d177d89649b5.jpg
0,train/0\0641980eaa604f889e973aba77d980c1.jpg
0,train/0\06428934f6ab49a1953f5deb41deb227.jpg
0,train/0\07744e9c8bbf438cb770489a4feafee6.jpg
0,train/0\07f4d5b2f71c4ac8982bfb87d46fce92.jpg
0,train/0\0818f4b5593d4729b8d37025e4e3cdb0.jpg
0,train/0\081ed9268f534f15b61904fc0e8c8beb.jpg
0,train/0\08602a1ecbc3483682fdd6de02d1dd3c.jpg
0,train/0\086f70bcf037455da81573765a297fda.jpg
0,train/0\0926d65665b34bf79ab1b6974dd9bb80.jpg
0,train/0\0932b7d68aa2449dad91e2ab4df5b286.jpg
0,train/0\095e7c83df52491abf426231b23edd5a.jpg
0,train/0\095ec1e666c345c5931e09160355a5e5.jpg
0,train/0\09910613e546485685f0ac0f5a60ce22.jpg
0,train/0\09d4bd5fac7347a796b26882a4de92e0.jpg
0,train/0\09e8357aee2d45e29c1cd1e185ff4d7a.jpg
0,train/0\0a073ede56c1426f87b6c019eb15d69c.jpg
0,train/0\0a6ff2f1102d400c87ba2535238e2f1b.jpg
0,train/0\0aa3d051bcc54dfa9d4faaf5b3bacc9e.jpg
0,train/0\0b1164207b614151ab77c99b60dbeb56.jpg
0,train/0\0b55b73fcba1493d8bc739ea1a5e86bb.jpg
0,train/0\0b5fed94e8824480a37c9b90614ac981.jpg
0,train/0\0befee469d054fb79ff12b57f77905f3.jpg
0,train/0\0bf60c36518b49fab2389369d47e43a4.jpg
0,train/0\0c22224cae0e465aa38ee909bcf97792.jpg
0,train/0\0c4d91d70dee4eb98ec672c0f0aaa44b.jpg
0,train/0\0c76fff222044eadaca5f50511124c2e.jpg
0,train/0\0c79135b2cfa4544b9c80645f2a5b650.jpg
0,train/0\0c9227a955164ae6b6d9cdeeec2f4468.jpg
0,train/0\0cf3c45a71954efa95d2074fe41c454e.jpg
0,train/0\0cf8759b79334022b08e0c9085933810.jpg
0,train/0\0cf991e5ff354a34be48947713621360.jpg
0,train/0\0d0b53466da8489cb2663510622dc33a.jpg
0,train/0\0df9a8774aee49bebc086de6e7b2eb5c.jpg
0,train/0\0e570bf5b5a741f0aba30660cf9b54b0.jpg
0,train/0\0eaee3a2a73d49b695263eae4a30dda0.jpg
0,train/0\0ee40ee8d041499d9e99767564ef9db1.jpg
0,train/0\0f113595f10d4c438c3c96d3c088bca4.jpg
0,train/0\0f8066ae0f904c0db0b7a14657699a8e.jpg
0,train/0\0fd7f173d3084b2589ac5ee656644f70.jpg
0,train/0\100fb6f0bcfc4ded886102ca8ea52e7c.jpg
0,train/0\103cbbd08a5f46eea9ef4d84aa549200.jpg
0,train/0\105c8908cab0463d98d0c86d076308d2.jpg
0,train/0\109352cdc34e491086c3a1b7cfdb529a.jpg
0,train/0\10f203276f0a43f1a4a08beb5f317005.jpg
0,train/0\11ca1b62573a4da581c309d521e45dda.jpg
0,train/0\11e2ab7b4e604a3183536b3c77fc08b4.jpg
0,train/0\11fda2ee5502447c99ea6059e7596b72.jpg
0,train/0\1211dbfbfad5471299ac107af7809e63.jpg
0,train/0\12408f43fc934315b796f889bcaf583f.jpg
0,train/0\128cbbe2408e45ec9107a9fc96fee0dd.jpg
0,train/0\12aba010fffe402f84537941c3ee09b9.jpg
0,train/0\12cb3ef7bc254801a16a7511e78d9e92.jpg
0,train/0\13532a2467ef49d3be72b4987ce9b100.jpg
0,train/0\142e9788d62041a89da120405856cf07.jpg
0,train/0\153b21098a524e4799d213509a77e875.jpg
0,train/0\1555c66eba58494785f2210e669f4e58.jpg
0,train/0\15e65a564df544cb8b0f87ab29c11f49.jpg
0,train/0\15f0429896cd473d910d183cf655c781.jpg
0,train/0\1657dc6ff66740dbbb7d8267bebcbfbc.jpg
0,train/0\166c174db148486db50fb69dada4367a.jpg
0,train/0\166f2718f7024e0a9ffc9e08aac5c7c3.jpg
0,train/0\16fa19b9a69c4db1abaa370c57d475e6.jpg
0,train/0\17228bcdc6334a188e32ef4bf8a3b0a3.jpg
0,train/0\17efe381f4fc457b99685dc4e3697678.jpg
0,train/0\17fdd34b4a744906a873ca9fa1957278.jpg
0,train/0\1806868b116647788aba3a4d98885dd4.jpg
0,train/0\18ce574aed2e4ad4a2833c7c765c49ad.jpg
0,train/0\18cec9cd426141f59a257523cb3bb629.jpg
0,train/0\18db2c1289fe4004b9140df7892d3431.jpg
0,train/0\191d6f6599b347db970e8d5c09806f66.jpg
0,train/0\19626878be4c4617b1628cc8a0921799.jpg
0,train/0\19dde190b7fb46588de2a30d6850a809.jpg
0,train/0\19ed67ee384043b1a64ede524ae4731b.jpg
0,train/0\19ef8648d6794cd39c262d5799db120f.jpg
0,train/0\1ace21ffd2024fdaae3a42195bb38693.jpg
0,train/0\1aefe2f40d57472ba2e7e7341893d1e4.jpg
0,train/0\1b0f5be1c1dd4ef2a786e6259672d778.jpg
0,train/0\1b279cec6efc4907be243845bf5cab48.jpg
0,train/0\1b3d3b20563f40d0addad4dce9e0b9cc.jpg
0,train/0\1bd6ae5e6c5244e38b193d60ceb6cbc0.jpg
0,train/0\1c2c4f5cfd8145cea15c1e008a9f172c.jpg
0,train/0\1c3eb7585e224fe39199327b239f4cfa.jpg
0,train/0\1d12c54d8d6a4178b33dd0dfa127ec51.jpg
0,train/0\1d4ade7848304bd692cdeb37b8842a92.jpg
0,train/0\1d71f296e7e74a51ae151c97e5719d77.jpg
0,train/0\1e17be18191347df9f10aa9f3cf3dd28.jpg
0,train/0\1e1f3091ee124f2bafdd60d1410c8bbd.jpg
0,train/0\1f7c6a3a94094d05ad80eeeffd379e73.jpg
0,train/0\1fe34eab44ff40bbb7c06ded58607223.jpg
0,train/0\1feb0996712444ca91ceb907f635e17e.jpg
0,train/0\1ff8c07608e8481882d6de270512416a.jpg
0,train/0\2060e3b6a2ee49eb87c2dc7f8c7a3f85.jpg
0,train/0\20b0bc48731a4a9992682f93f5bc711c.jpg
0,train/0\20dd9a20444047e0863108e0443f1e09.jpg
0,train/0\211ddaf0440648c3bf45baab06bc1188.jpg
0,train/0\21a761ae7cd84457840d0d10a03883f8.jpg
0,train/0\2281a9e9a7eb4a3c853d9b2c2352f44e.jpg
0,train/0\228dc3935b4c40a5a226c763058fe754.jpg
0,train/0\22eb36341f484f20b44f5405681e8a07.jpg
0,train/0\230486f24aa548268d7c206af1f92122.jpg
0,train/0\233b1ee8fbb6405a8532de66aed7a98b.jpg
0,train/0\23a7b1cc5f894bd6b2f6390592cf0c9c.jpg
0,train/0\23e6e8e5bf9c4fa6ae0017bdc3bb4f7e.jpg
0,train/0\23ff0cc3111b440b9592772ea24d8b6b.jpg
0,train/0\242b83869a5341d2a0aeae4782c8658a.jpg
0,train/0\243f70b794cc4ceda1bd3c1c639cee53.jpg
0,train/0\248495c2f4774c4dadf453dfadfbe70e.jpg
0,train/0\24e1e9e0ebfb47b5b256b9548fddc7f0.jpg
0,train/0\250200f8157c4182b9413e3d2d7229f6.jpg
0,train/0\252e80d2b72f4518be190b6ca763cc81.jpg
0,train/0\253f16a0b6284cef84d3906031f5a793.jpg
0,train/0\255b8f1e6a8d46ef9f4155670c9652d0.jpg
0,train/0\25e2b6e6b65c4ecb967abaf873936a27.jpg
0,train/0\25f293c434ca44db9417378e2f2614ca.jpg
0,train/0\269ebd092b57499ba8a1a7a2c699e65c.jpg
0,train/0\26a4c594db324b6dab0ca56d52a8c321.jpg
0,train/0\26e2d1f2defe4cb69df8dc3195cd11e4.jpg
0,train/0\282f28561ffc4e6eae3a3c1176e9a17c.jpg
0,train/0\28473952a33845afafcb066d6d163706.jpg
0,train/0\28822e9b630843b2a04b09f682b7be38.jpg
0,train/0\28c75ca3b6534037ab6333e376b37edb.jpg
0,train/0\28e4ddb74b1c4556b70c296753cbef98.jpg
0,train/0\2971eea9bc2c41f0ae8b61459c890a98.jpg
0,train/0\29bd9e6ecc714a639ad6cb1d2fdbf645.jpg
0,train/0\29eb5a48e38a4406a8495f8375f46d51.jpg
0,train/0\2a2f6c591d064fa198f4f739e9db94f3.jpg
0,train/0\2a336bc8f92c4b9d879b3bb5282af2ff.jpg
0,train/0\2a4718f2a9384e6fabdb2dc8a235b9a0.jpg
0,train/0\2a59d3bf64d04d20a84fab40496b1302.jpg
0,train/0\2a7ccef6842b489cbca7e5bf31732d19.jpg
0,train/0\2aaa2fee791f43de99e093e6573cd574.jpg
0,train/0\2ae816134b5740cd9504f57cbdf81400.jpg
0,train/0\2afec2b23d434e95b0fddc24bc77b9e3.jpg
0,train/0\2b266047438243139af6c7c77f5207bc.jpg
0,train/0\2b38c910da4d44adb80a5552e8d790da.jpg
0,train/0\2b43c9c1126c4de8909a88e674c3f095.jpg
0,train/0\2b56a20bbb7e4b27811c80b6d89c598f.jpg
0,train/0\2b5fb3124bc3438a9852cf39cc58e396.jpg
0,train/0\2b777af2c307451bb753b7049ef32f77.jpg
0,train/0\2b7c16bf56ff4f4582f9d7c7363415d4.jpg
0,train/0\2b8adce8e46f4f17a7841144f74f7fca.jpg
0,train/0\2cd7f0949b994d6cb34880af3f57faa4.jpg
0,train/0\2d303ad259d7446b98adec68b1280f1c.jpg
0,train/0\2d85ff3f68d14e05bd5eb25466d3a412.jpg
0,train/0\2da20fea7cd843cbb3934536b145cd7d.jpg
0,train/0\2dbcf214d95f445b98a7696d6ea1bf87.jpg
0,train/0\2e356149b7ed4774bc3fce10f24be0a0.jpg
0,train/0\2e4a95857d93400c9980c858fecb35a0.jpg
0,train/0\2e99338e810f4948a3e8e6fa11583f7e.jpg
0,train/0\2f0b26a6d8a34ed08f53867ff13ab586.jpg
0,train/0\2f0be306748d4345898b092e698c7049.jpg
0,train/0\2f3bfc2ab2f7407db0a5c111e6e6c484.jpg
0,train/0\300da15c92ef45d5917f6009cab6a9c4.jpg
0,train/0\308fdd79148441ecb8099854fc0f0664.jpg
0,train/0\30c21fb37cee4250bee119ed45dd430a.jpg
0,train/0\30e94fae80f8460aa45eeb9740c56507.jpg
0,train/0\310892df9407490e97fe21078b2c1abc.jpg
0,train/0\3110bc23839f44078917ec39e987604b.jpg
0,train/0\315412532985488594d5c5f10743e524.jpg
0,train/0\318a33a1bd0740ea9676830f041c38c0.jpg
0,train/0\32b976857861476884d16383d0c680c8.jpg
0,train/0\32b9c801cbe14ea19137a052a54d8570.jpg
0,train/0\32e83d6fbbbf40b18959ae5e79428170.jpg
0,train/0\32f297f08fab40769db097ab72d19965.jpg
0,train/0\3302ab8dae964f5980218e181425bd03.jpg
0,train/0\3391b74ab7d7450f915f8020035c5d24.jpg
0,train/0\3442610ca20a4037b80e1130ac403da9.jpg
0,train/0\347f1ab7d23a40a3aff3f8ffe4a5dde8.jpg
0,train/0\34d04bdc85be4796bb1a28844e358712.jpg
0,train/0\34ee227e286344d19c5044ba679523ae.jpg
0,train/0\3511fa94a6824c12b8f64757a72902f3.jpg
0,train/0\356f76304fb348fb8ace20c5bacff5c1.jpg
0,train/0\35ca38527a3a4be0bdf87d3828bce987.jpg
0,train/0\35cdaea0c11d47d59b04adead4d8950b.jpg
0,train/0\3611478ba07f4bcdb88677e0f1a50f34.jpg
0,train/0\368745e2bc494fed8fe1f614b82c2aa5.jpg
0,train/0\36bba039d3f24461a1afff7649b32ec2.jpg
0,train/0\36cc5d3ee6b345c5850a4b9f33d1417a.jpg
0,train/0\37da9acb580d4aefbd8219e11340f77e.jpg
0,train/0\37dcbf05c3ae4443af0bbd6bd82d8cec.jpg
0,train/0\385342f396984ec8b1b68c36bbd42511.jpg
0,train/0\3859c16f524244709b4dd973f21bc2a6.jpg
0,train/0\3860df1f31864916b6119fb25bd01d34.jpg
0,train/0\3890fed4c6384a52b736854494b89c3e.jpg
0,train/0\39040d038e9c4feba65f29aeef68d6a8.jpg
0,train/0\39c4cc84b2104df5984a8c6f8ce6f0bb.jpg
0,train/0\3a9e41fe731145809a3a07724097473c.jpg
0,train/0\3ab9959a14174962bdcb9af2bc8cd59e.jpg
0,train/0\3ae838d8fd5942a0a9d7c64048cfcb93.jpg
0,train/0\3b0deb658829488ab704ad216c7b3f1a.jpg
0,train/0\3b305c2c4936409394f2cd039581d5a8.jpg
0,train/0\3b3b7db2ade6414db626930825c52188.jpg
0,train/0\3bc13db82dd345148561d323a2831a81.jpg
0,train/0\3be2bb28f99447ef861134ba5e58a249.jpg
0,train/0\3beef9c012f24ab0abe790137d598bfd.jpg
0,train/0\3c005e5bf0a143018952a425818df4e6.jpg
0,train/0\3c2573f434bb428887ffb2b7ebce16cb.jpg
0,train/0\3c607e7c2a134e009dde2245c22053b4.jpg
0,train/0\3c931ec0a2e7400ca185dd282bf028de.jpg
0,train/0\3d192abb00cb49a0a4b68071d77d2631.jpg
0,train/0\3d1f70d1344b4a2389e4081861103366.jpg
0,train/0\3d36bb96d4db409f8aa600ad19e7b99e.jpg
0,train/0\3d5fe7cd4a324ba2b549ceebf08cbd3d.jpg
0,train/0\3d822db46a4f48f6a0686406cc99e56c.jpg
0,train/0\3ddf8f0f6a1a4db586c62a3229c913d7.jpg
0,train/0\3de12cb956254d26b59658c395f6af0c.jpg
0,train/0\3e18f993a9e24ff4895fdf45b83ebd27.jpg
0,train/0\3e248d77c01342a8899834e01a42a001.jpg
0,train/0\3e38a6dc18f34418a07dc848fe3b0ccf.jpg
0,train/0\3e79c224af2d448da71c7d1793f68c80.jpg
0,train/0\3edad8d688774780b4c28e10611c20df.jpg
0,train/0\3edfc94a52cb4a9a873627b4a2cb4c61.jpg
0,train/0\3f2b2b9a4705485caed7dc675a693260.jpg
0,train/0\3f32e60eccc64b87abdea72bc5d7dc06.jpg
0,train/0\3f906409e0484a92a74457d615ed72b2.jpg
0,train/0\3fa77c3dd66841acad35ce85f8b657be.jpg
0,train/0\3feacadb220b4c83b7f2301d997e2497.jpg
0,train/0\3feaf4c6c63249e1965b32e0c763ddf3.jpg
0,train/0\4066689f473f4f06bbcd7c7cb17e720f.jpg
0,train/0\40735cf54f13488f97a1db3bc1f84d73.jpg
0,train/0\40849de264564aefbc2809ddd29751f1.jpg
0,train/0\40a8d04fec1c492ab91c1b27bf8ea849.jpg
0,train/0\40e74a407d84476cad550570dd8c05bd.jpg
0,train/0\4153b95efd074634840d46b84265fe44.jpg
0,train/0\4171a1071ec946e29b7ea5fdd3756f33.jpg
0,train/0\41b14bfd66384859b85f7ff37e428617.jpg
0,train/0\41c67594c5a7420c9a69c4f6fa0044de.jpg
0,train/0\41dd0621ad834b6782001be3bc425a0c.jpg
0,train/0\421e6842c0c4473abe90cecb73b91f38.jpg
0,train/0\43aa50d5409649c897f730e83804fd68.jpg
0,train/0\4424725900ec4cb8b1d7721b431983a2.jpg
0,train/0\44830c5ef62b4d83a1fce2dc90d6cc6c.jpg
0,train/0\4538eebb259b4e0eb089d9a329002bd8.jpg
0,train/0\463f8b79d8754b4bb5b6de186f8cd4cc.jpg
0,train/0\464e9a6afe50416ea3db0b6046614cf5.jpg
0,train/0\46589767bdcd4dae894d301d69b6d6da.jpg
0,train/0\46d8e4a83f9541089b879e39081965cd.jpg
0,train/0\4710a547814348b9a36c5c7b9eb5d1ba.jpg
0,train/0\4758b854721646fc8e7375ef451b25cf.jpg
0,train/0\47609c3c3c314b8dbde00924fc2dcde7.jpg
0,train/0\4762a706c6b14a6aa0215209d6cbc76f.jpg
0,train/0\476a6fc6e73e4867bd5e2a5886518f5f.jpg
0,train/0\4806f59145cb4b878d5d251cee01ddc0.jpg
0,train/0\480a512ec59f4ab8943f2e42092110e8.jpg
0,train/0\480a7eee2d1d4e609b57cfed81a7e1eb.jpg
0,train/0\480b87c58ab342a996e2325010059b60.jpg
0,train/0\4847ad0024b74d50b98c7e60a235d958.jpg
0,train/0\484b769d667348109daf0761c0df0d88.jpg
0,train/0\486e35f2ea4e4c929e08f4cc16007cc5.jpg
0,train/0\489cdcd0a64b448db7b0b16b4566f40d.jpg
0,train/0\48cf1aa9805a4e5084314ed97518c2a4.jpg
0,train/0\48e08f7d243c495081d9cdc313e51871.jpg
0,train/0\491252537a3c4c449436b00b544bddc0.jpg
0,train/0\4940ec2e123643b7851909ccf766904c.jpg
0,train/0\494505af58684151984e51245d2e43a3.jpg
0,train/0\49772029fcde40529fa0eed2a01ec6ce.jpg
0,train/0\49a3566dc62345709db4ba047d10826e.jpg
0,train/0\49d4815e6b2f4ccca7dbc706c722256e.jpg
0,train/0\49e34dc90e2e40428d8f8db9f6afa4ed.jpg
0,train/0\4a1a09daef1840c89a0ebf0a34c18133.jpg
0,train/0\4a51477320144c76b137057e344e9080.jpg
0,train/0\4a589890c3b64d158788ed88893a7fb4.jpg
0,train/0\4a814e8cd62d4bc1a7b31c4bf27b37b9.jpg
0,train/0\4a8c63ce5d97475e849277ed3d4e3c08.jpg
0,train/0\4abd5c7e327e4383aade96d3b3891a55.jpg
0,train/0\4ad47dc9365b41e1b5ab25b1cb6d69d1.jpg
0,train/0\4b08d3d4802145abb83481ad4c85fe5e.jpg
0,train/0\4b96dd28fe234c9a9f3ff2e88ce23027.jpg
0,train/0\4bab65b163654214a149ca0534cfaba6.jpg
0,train/0\4bb9ddc809b24b318b473859ff1d4242.jpg
0,train/0\4bcf1de5fc814b1c8df9100d83d63bea.jpg
0,train/0\4be89c6ccd6f481984f71f17ee63158b.jpg
0,train/0\4bed6dc9097e4cf7b8d7b2b5b6e64995.jpg
0,train/0\4bf3b041748b47faaa8550021eddaeb2.jpg
0,train/0\4bf3ed92025b4cc6a08d35e356dfca41.jpg
0,train/0\4c26891336df4815a7f578491ce0bbe0.jpg
0,train/0\4c7bba72bed54563bdf44b14dd74de42.jpg
0,train/0\4c82f113dde842eabe391950aba5f8ca.jpg
0,train/0\4c87788a14b8404ea4d2f51bf54ebec0.jpg
0,train/0\4c8c8689a9994980b1885004cad16ee5.jpg
0,train/0\4cb42f258e824a7f972bef082dd08ae8.jpg
0,train/0\4cc20a6643ab4e69a32010a7808503c6.jpg
0,train/0\4d8e36948e2e453aa7c2e780dc0a0e54.jpg
0,train/0\4da05df1c5424eb9a2740c043e81b260.jpg
0,train/0\4dd5c70a52694243b8a2cadee87b1796.jpg
0,train/0\4e2ea93dd0cb4e77a9b4e12ff4110da4.jpg
0,train/0\4e84a4ec37c441d68d89a794232124dc.jpg
0,train/0\4e9f0418226141adb87152a7b4c72057.jpg
0,train/0\4ea99e577b6d47d6b70344f86fa3eb79.jpg
0,train/0\4eca3441ca1c46b1a0e12ee84b7a4c85.jpg
0,train/0\4f06a5da5db144a7899a59b36a9ced4c.jpg
0,train/0\4fe1d4c455694e11a0b62b1271ec8685.jpg
0,train/0\50155504a8ae417f83b2dff784605e73.jpg
0,train/0\5015e78b36494ba58849350a8e1b82ac.jpg
0,train/0\5028653b060543f9bcbdb759f5a97789.jpg
0,train/0\5089a48f0ce64054b53b5091c988d481.jpg
0,train/0\50b957d5f82040319573ebba5ca1094c.jpg
0,train/0\50cab3860e754322b2888de0e0d7662b.jpg
0,train/0\50dd5eb2651f44d4a3ae2eb4e971ea6e.jpg
0,train/0\50ebe475e578447bb9acf9fbbb6f37b9.jpg
0,train/0\5121dd99e1ee4e00b4a61c1dc04276cc.jpg
0,train/0\513883afe4e34d088b8e04cab997c880.jpg
0,train/0\513cf823eb614d09b75c32c3ff74d3c1.jpg
0,train/0\5142e7f2bf3e4883acb6f863bd563472.jpg
0,train/0\517af26c22a741849fae049a24fe655c.jpg
0,train/0\51dbe1bf4ef24e45b01e27d236bad410.jpg
0,train/0\52069c39e86e43dc96c0aac4573696af.jpg
0,train/0\523e4ba98ff6460e92875ed50b0df497.jpg
0,train/0\536dbced7d49439bbe0f97de502a96d7.jpg
0,train/0\5371c175a9704884ae168917e91754ca.jpg
0,train/0\53828272bd7941a6afb4a9541a789869.jpg
0,train/0\544b7fac7bc64a76ac84380de006d153.jpg
0,train/0\5453eb14bfc6474aa34a7f24948e4f8a.jpg
0,train/0\5453ec6ad0aa49ebba64c1107426e55c.jpg
0,train/0\5456da2f73174f4296ab6b19998ff607.jpg
0,train/0\54c6b2a1dd5c439b89cbcbb0071fe960.jpg
0,train/0\54cf841af10e41c0a37d8446d6251362.jpg
0,train/0\5549961f6fbb4f1aada14b8e756e588f.jpg
0,train/0\559e353773ad4864a68e562f2742213f.jpg
0,train/0\55cd34d1ee1144e19e6e39aa8c0fbec5.jpg
0,train/0\5601311856b54c66b2f7089d61ff9a7d.jpg
0,train/0\5602f7ab1ca54a78a50179a9ae2b1763.jpg
0,train/0\5674cc41e0334795aa2a4e2430bbea89.jpg
0,train/0\569115ab6bfd4522b5eb4146fa0a1a58.jpg
0,train/0\569abe9334024481a5c788cabcddca71.jpg
0,train/0\57139d0e66274823abb629609010db47.jpg
0,train/0\574cd050011c462db6921d90e9d46e2b.jpg
0,train/0\57dcdf97439841b9a2b8e8b9f05a3bb7.jpg
0,train/0\5814e1871fd94665956510510e277093.jpg
0,train/0\5815425cc1cd4367b3a107a0386ae534.jpg
0,train/0\583292e25b474d058fc45489179b593c.jpg
0,train/0\588f8d6e18fc4fd5b8121f9b80788580.jpg
0,train/0\58be7420e6644e668040bdf0736a311b.jpg
0,train/0\590b00400b624b0ea620c9d63347c19d.jpg
0,train/0\5930cbd01fe64f9f97d76b738aef354d.jpg
0,train/0\5942cbd3c6b24dab9eaa3770e279833e.jpg
0,train/0\596b99a5367742d4a8e7fbe5465facad.jpg
0,train/0\596d4e9453dd43389b1b131943c8c5d5.jpg
0,train/0\5a0af88510ee4c9681f7781b59f1b726.jpg
0,train/0\5a629af6b19345238b5925f45a3cec9c.jpg
0,train/0\5a8918e3b7a14feaa5b9b875c43124e8.jpg
0,train/0\5baec1b7af0a482eb2ffcbf4b3fd2c8d.jpg
0,train/0\5c175cc63caa43fb90f077e3f0b087cb.jpg
0,train/0\5c86799830d744f3b4a17990495441c6.jpg
0,train/0\5ce068017895457b94225d8e48f91e75.jpg
0,train/0\5cfcda214c88424486c87935e3dbf87a.jpg
0,train/0\5d1007f24e974708b8637a4ed32be3e9.jpg
0,train/0\5d813f86aeb14250b232b0b03c4e4ddc.jpg
0,train/0\5e12b287bd2b4d578152360a8873ce0e.jpg
0,train/0\5e6c97112bbb4ef08b8e42dbe7bbaffd.jpg
0,train/0\5ec613c0e1de4cbca70e101122b463d7.jpg
0,train/0\5f3f7127f0b04a6f88f85e4abafbcc1c.jpg
0,train/0\5f4e2c2221304762b3143d15af9e973f.jpg
0,train/0\5f691a6243404769b2ad4d38dc8e09d1.jpg
0,train/0\6016740052a3400b9fc99920bc86b4af.jpg
0,train/0\604ec0b959754a488a4e0d51f1dfd959.jpg
0,train/0\607e9a9c537249b6914d1b587e486fbd.jpg
0,train/0\608b85264b2a4d8c8a45d72cdc2cdbaf.jpg
0,train/0\60d06208156247e09d0775612f65cd9b.jpg
0,train/0\60e83a42806a40a9a5857ad199700ffd.jpg
0,train/0\60ec0da5e0b747f98dd17e8be9d2194d.jpg
0,train/0\6190836bb2c84604ac54a65a21539a08.jpg
0,train/0\61ea5900f08d4923866671f6a8147ae5.jpg
0,train/0\61ea8dfd92ff4f6c886917cc0e3ccaf6.jpg
0,train/0\61eb1499d4214dc2a67459e88f6d133e.jpg
0,train/0\61fd1f4b050848908388d06470ae1b05.jpg
0,train/0\6209e160081249538bfb7641125a4989.jpg
0,train/0\624a96d10bcb4e169a1e7f8e5de9f990.jpg
0,train/0\628a1a0bee724b76bd37d098ed6fbc6f.jpg
0,train/0\6295726bc80946b0a39396a59c38853f.jpg
0,train/0\629ba60962114f8ea12c0d631c17745a.jpg
0,train/0\62a9a3562be4404ba5bf0e2e27d6b260.jpg
0,train/0\6333bcd5577e477b9608b8c04eaa31c9.jpg
0,train/0\63368119f34e481f804f9b1118414fe9.jpg
0,train/0\63456147403445379732e35ef34fdd5b.jpg
0,train/0\64083eb8038642fbbb1ee3b6ba79e51b.jpg
0,train/0\64153bf70778403cad79c88139ac286e.jpg
0,train/0\642544c229a442e9a90f8f7185989ceb.jpg
0,train/0\643f4357f66c4302892cf4933c568342.jpg
0,train/0\64743e133ac942e6bc0b44587e5f656d.jpg
0,train/0\648a569344054284a5975776b7bfd55c.jpg
0,train/0\64a6f0a32d144bdca7aa34dab19c1dad.jpg
0,train/0\64c7a272c9594ecc9ff0be34721d6698.jpg
0,train/0\64e7b600ebd4404591aeffb57aaeab1f.jpg
0,train/0\650e4ce0bf074e76b468776ff9be15c0.jpg
0,train/0\65139500bc9d4c20a42faa5c50f785b2.jpg
0,train/0\654c1d500e1245e49badd12517122361.jpg
0,train/0\655130295d604994a677dd4542a95842.jpg
0,train/0\65ce1375f01648319dc99d56b734440e.jpg
0,train/0\65e425b7d899421eaf20da236d318c35.jpg
0,train/0\6635cb7c6ee245f294657f06aabc6c56.jpg
0,train/0\666e91aa40294f78a29dbde184c4ed7f.jpg
0,train/0\66767bce2d6c4b8b8e92047dabb1baed.jpg
0,train/0\66855859c8634907aa1a1e5fd203ccec.jpg
0,train/0\66975e7d62534f0da8d1160ad7c3561f.jpg
0,train/0\66e6b4eaabc14582a94e668ec547645e.jpg
0,train/0\67364e19bcc043a0a87c3f4cc7bf3aa9.jpg
0,train/0\6776621a3089467681ed9eeed7c95881.jpg
0,train/0\6782eb1ece894d9cbfac9d1f840f3af7.jpg
0,train/0\678d9ba034f443a5a0ed17851fb68e56.jpg
0,train/0\6797128cf33440d5a6e55c554434fabc.jpg
0,train/0\67e4c9c6b2b64572a8b7c046002f0fb9.jpg
0,train/0\67feb037613c4a51bb424a30ad60f96e.jpg
0,train/0\6880e61d13c347bf970893bc200445e7.jpg
0,train/0\68bc862e879948c7b396cf4fa15f0789.jpg
0,train/0\68d0694124164550a5ce9879bf255a48.jpg
0,train/0\68e2a580f5b64b56b0015293a866617e.jpg
0,train/0\692aa94f5f69427a8094a908af8bcee3.jpg
0,train/0\693caf8a9560471cb9c2ec04825b29b2.jpg
0,train/0\69490e127e8b4eb99c1207b64e10ad8c.jpg
0,train/0\695dfa0b9d6b4ccf85b63f400cb010ba.jpg
0,train/0\69a846ec652c493e942ffcb4a8343124.jpg
0,train/0\69b51937d3434bb4bf7f869fb17df5a0.jpg
0,train/0\69da281a2c2949b39ed1669c320df152.jpg
0,train/0\69f89b7c8b524eb2989b3e5268dd3f40.jpg
0,train/0\6a05abe01aa54a4fab122140da333c9c.jpg
0,train/0\6a0f13d610534431a2de5e002146f7a3.jpg
0,train/0\6a7b8f5eabbe4b1f91c438f40a97ca2c.jpg
0,train/0\6a8382a5e417433d80c4c1b66c1a5f34.jpg
0,train/0\6a88b01429c440cfbcc61cd7eb8e77ad.jpg
0,train/0\6ae59d3fd11d4d758f66aeb4306122d7.jpg
0,train/0\6b1fea1a76934493a6fd115f9edfabd2.jpg
0,train/0\6b6fcd8506c142d7ba882fa0302816ef.jpg
0,train/0\6b878143908d432085e867b6bf947d51.jpg
0,train/0\6b9d09bf1d9540b1b4c7086291e5effa.jpg
0,train/0\6bd3b7adfe864889ab856eceee8dab7c.jpg
0,train/0\6c010e3b92b24fda8680346917a7d817.jpg
0,train/0\6cc9f96ba2b84584b31e2dba498f34d5.jpg
0,train/0\6d41643e29574f189942050f8775f2de.jpg
0,train/0\6d65cb90d17b46e9acf6238bb4fae0fd.jpg
0,train/0\6d8bbc2ae3e4441f9afe398c766893b8.jpg
0,train/0\6d91f6b660ad470694b02f771d29fbcc.jpg
0,train/0\6de4215584be477fafc5d6d905127f23.jpg
0,train/0\6dfd81c62a3c4875be7182c56c2b2ff4.jpg
0,train/0\6e38c35080334d69b40f8e2969940181.jpg
0,train/0\6e5102f9c2f14d288997d536d82cc0ae.jpg
0,train/0\6e9576491c17449c95936c4f9d80da3c.jpg
0,train/0\6e98b22eb4114cf5ba122f4910bc489c.jpg
0,train/0\6f65087a61c845bface48d77b74d3b23.jpg
0,train/0\6f7f7c0572844d4192737c11b0666b9e.jpg
0,train/0\702db02d15b54697b99ec1a75392fb73.jpg
0,train/0\7034569410d14fb7a1d9a93485502212.jpg
0,train/0\7056c7148cc044a5aabb3708bc59ac01.jpg
0,train/0\70d797ab1bda4f7ebafe921520d5d63a.jpg
0,train/0\70f5a6460d0a45149dc43639b26be8bf.jpg
0,train/0\711d504c0a9b451e94e80b4ab525a847.jpg
0,train/0\7170d0423f09445096601f7d5df6bdbc.jpg
0,train/0\71b83527c0d7478f88c8d7979468574e.jpg
0,train/0\721da8cfa28d42608920636fe3e2b269.jpg
0,train/0\7220c1f76e1d40f6819a984113e9382d.jpg
0,train/0\722400b73513414e8d0751ab8c1afea0.jpg
0,train/0\7286ceed113b4c28a42264df06ab5a86.jpg
0,train/0\72c4095f87d4467fa4083f85c9260437.jpg
0,train/0\72f75deeb65048ef8311ea245b67375d.jpg
0,train/0\7342fcdf19664817aee7860c4b8e2e96.jpg
0,train/0\7373ea0271e24d339b5182765b749234.jpg
0,train/0\73766d2633624151af58bac7980b1233.jpg
0,train/0\73b0654e277b4c838af5af76c4c0c636.jpg
0,train/0\73e8515663cb4e91b11981b80f5b39a4.jpg
0,train/0\744135012bec4df98c31f89c29099ab4.jpg
0,train/0\745bc0d8cc1f42f7807c7cd143ed1e32.jpg
0,train/0\74bd6790838a4e138e977c7f0f00b59e.jpg
0,train/0\74c3828c8fcf4d4abacb7ea044302863.jpg
0,train/0\751933b092eb4aa79783098c1fdae341.jpg
0,train/0\75328121bffc4455885d20169e7115ab.jpg
0,train/0\754b1b470e5c4f55a118b30aeb03cfc9.jpg
0,train/0\755071a99384419da90aa6a213fc22be.jpg
0,train/0\7551b86d566745e48f6e2c47aea1238c.jpg
0,train/0\75afdb442e8042bc8826b75c0d3618ef.jpg
0,train/0\75bbe6baf7b34dc8877dd16138852aea.jpg
0,train/0\7624ff7d9d634f52ad24136f374c9a1e.jpg
0,train/0\76be2c9b440d4374a35a660004c5560a.jpg
0,train/0\76c05a79229047cd8fa1630d4d3c78a8.jpg
0,train/0\76c685b0e78a41e58115a43dab134df5.jpg
0,train/0\76fafb16e6bb401b833c45cc069f9c6b.jpg
0,train/0\770420fca2b9461f82833821b846b99a.jpg
0,train/0\7745f2e255e2471f9a8a56ef17084872.jpg
0,train/0\77a361404e3f4b468dc34071d91a8851.jpg
0,train/0\784a6e88492340e6ab8603feee5a2629.jpg
0,train/0\7910364b869245a8888818547f0a58b1.jpg
0,train/0\7955a919b2564024a5d323ead4a342b4.jpg
0,train/0\7976ad283fa74c208e04fa3f663a397c.jpg
0,train/0\79df5552f8574e578a35ab7b70e4591f.jpg
0,train/0\7a6e85da1f6043209c418040c6da8242.jpg
0,train/0\7a758d5ba0a24d9c8bacb19d48283d31.jpg
0,train/0\7aa6f50a900942649a0a1b74ff0611ff.jpg
0,train/0\7aabb1ee7d49467ea1412d0c51b3e77c.jpg
0,train/0\7b2ac054c8214e0f8148116307f41a7d.jpg
0,train/0\7bb4ff1d9da04e5ca19eb67ac6580974.jpg
0,train/0\7bd868d8db22489f8509e14f3dea3d79.jpg
0,train/0\7c35850083c54e35a6d7e308496d53db.jpg
0,train/0\7c39995780b8416f9570a88d4b058c70.jpg
0,train/0\7cdc8a849baf41d89727a44bfd8e214b.jpg
0,train/0\7ceab43fb5ab48f0837a18f46fb71130.jpg
0,train/0\7d68c4b90c894491a9141e253797bbdc.jpg
0,train/0\7d71af4bc47c4a96b69e9fa72c4cf5df.jpg
0,train/0\7d7ba6494bdb44989b252d0923a3e6c9.jpg
0,train/0\7d9b686790db4ab59f454b19d0c5cf6f.jpg
0,train/0\7db1068b4e104cbe8ae1fcf1c53bd255.jpg
0,train/0\7dd1921502d8453885e0ae5dcf67a27d.jpg
0,train/0\7dd69a49315c4c23b515197ebf01503e.jpg
0,train/0\7ddf845e69ac432bb77c78eda26b4d52.jpg
0,train/0\7f34aef21ae9452893f133120151bc8a.jpg
0,train/0\7f34c3c6e528429fa84e0eb00107640a.jpg
0,train/0\7f6ca02e92424a549d369684084ddab9.jpg
0,train/0\7f70fb092999491bb545111ef73fb49a.jpg
0,train/0\7f7c467808514a789aee2fd37abe63d1.jpg
0,train/0\7fac7903dd8f4b248200d74e238c8c12.jpg
0,train/0\805a8a1aaa734ea2b2114d6e7f382f9b.jpg
0,train/0\8094178158f84cb2b454991a42f853fa.jpg
0,train/0\809cd104fac94c6f9a8f759558ac11ba.jpg
0,train/0\80da9a73c5784cf3b59769a790d3392a.jpg
0,train/0\80e1c6d26f2a43cc8be4cf273d806777.jpg
0,train/0\81339300e05f4d1798eca384e00eac1b.jpg
0,train/0\81cdda746e344c1fac137be06a6337f4.jpg
0,train/0\81deb863e55f4881857495dc7614863c.jpg
0,train/0\8209e27df01148db8c7003c706af352c.jpg
0,train/0\82621a42cfc045c5bdbf066a6026cdc0.jpg
0,train/0\82a2a5abef264f9ebb81d0305a5594c6.jpg
0,train/0\832d874843424dc2a21f2b9e9640b3ea.jpg
0,train/0\83ebfca0a58b423b8e5979bf9d27efc8.jpg
0,train/0\840972463451477e9103f20db32943c9.jpg
0,train/0\84a5c88b23b948d69cb134dfb7d9639b.jpg
0,train/0\84b36290d5d64758aa30ae6ea411f5fb.jpg
0,train/0\84b3f371124d4cd3aaaec77eda7c7d61.jpg
0,train/0\84c18558c66c417db067e8820d511b9d.jpg
0,train/0\84f29eb68deb453ca1b2db41e3db52a9.jpg
0,train/0\858787d1b6ce465882948fd87520b7db.jpg
0,train/0\859e476530e44df4bfc72e02611c85c1.jpg
0,train/0\85a8867b535e4bca8f03b297b01a92c5.jpg
0,train/0\85bc180f9bc7421893b3ecc7f0809d6d.jpg
0,train/0\860439d8bd0d4d7eb16adf0f7115e0ef.jpg
0,train/0\860c834248cf4926b069f21b1be0c0a4.jpg
0,train/0\864e3d57bc9c4405b9fa29a7e74b1771.jpg
0,train/0\86f90a5acd644f77814dfe968d94c01d.jpg
0,train/0\87715147944c43ac92b73da189f4259a.jpg
0,train/0\8774f3539b9a49d5984747e80f5a72d2.jpg
0,train/0\877c9b7d668a4273bbe98c35580795e8.jpg
0,train/0\8793a1e0512640ae84f11efcf9c5dc35.jpg
0,train/0\87c44bdded6e4888923e0faa209f1276.jpg
0,train/0\87f52be463fa460ba0a02d9dd4dce206.jpg
0,train/0\887889e1d095430c8ed1c93e09899061.jpg
0,train/0\889ff9ab240f4b29874e0612ca127fb3.jpg
0,train/0\88eafdda3c1c40c5a8f7969813110f42.jpg
0,train/0\892084bd7547450aa00d63bb7a5348d9.jpg
0,train/0\896c3340537f40579e6d92be39fb628e.jpg
0,train/0\89ed8d9bad074baf81cd71c82dba3a97.jpg
0,train/0\8a132bae8ab04a138fbf36489d71db8a.jpg
0,train/0\8a6238c59d3c43d99d2186abcff550e9.jpg
0,train/0\8a8d027aaeda4daa81bd7f6b759d58bf.jpg
0,train/0\8aaae49e419a47b6b7cab59f1f1f67a7.jpg
0,train/0\8b811a12b2aa48b99887d32177142d12.jpg
0,train/0\8ba291c0c0ef4af19c42f8aca4b4e341.jpg
0,train/0\8c83e31a83474b24a3a9e21a2c3a5be6.jpg
0,train/0\8cce1cbfcf9145bc84338954e8fb0252.jpg
0,train/0\8ce4ec9779ac4502ab07367b94fbaae2.jpg
0,train/0\8d44e3c519b9499387507604a87169ce.jpg
0,train/0\8d56e419422149b0838843d4c8ad9619.jpg
0,train/0\8d5cc4906b46431ba777cf984d1f240e.jpg
0,train/0\8dbeeadf041b489db1e1a7316ead434d.jpg
0,train/0\8e0a4488ea2d4b989dc67992a7973c22.jpg
0,train/0\8e593b9a833a42868e53ea9287757173.jpg
0,train/0\8e61d714eabc40e98a5dfc33abb79947.jpg
0,train/0\8e78848e4bee46c8b99cc4cfba0b06d5.jpg
0,train/0\8eb51b11aa1f4e46aaa2367635944456.jpg
0,train/0\8eb8f70517484fb88cd55d6e1d89248e.jpg
0,train/0\8f0188ca1b4244f4a61ff901baf2a713.jpg
0,train/0\8f3a2d962a074c54bd348d8ace85fb5a.jpg
0,train/0\8f55b97aaa2d4f129018b1fbc5687013.jpg
0,train/0\8fe0619beedf4477b0d0b3b4c73216c4.jpg
0,train/0\900110b7f7e84bf59285d8fd017c1e38.jpg
0,train/0\9047c8441d414eb89c4fb38d822a6a5f.jpg
0,train/0\906fcb315fb4466c842308c1a2cb13d5.jpg
0,train/0\90c34b48053743ecbc86ee8af620011f.jpg
0,train/0\91059d0873124cbf8415ce0c40e6f67f.jpg
0,train/0\914c3c8f601b4be1879e6dc6da511284.jpg
0,train/0\9178fdd161bc4bd4aed550d510f4dd4a.jpg
0,train/0\918cebb70d694f0f9b8007b4c5320513.jpg
0,train/0\91c2717330c24c9a82856396f37c0c67.jpg
0,train/0\91eb6023aabd484685212011dd770495.jpg
0,train/0\91fe97655549440f94927e933df64ebd.jpg
0,train/0\92067d7541ae48afa7d33d3b184f6a9d.jpg
0,train/0\92164c1dabeb44489300abca3cddc467.jpg
0,train/0\92369658ea5947d4b26c63c3fc3278c7.jpg
0,train/0\925bafdc1fc34b4ba9c0c1b17ad81c68.jpg
0,train/0\92e6f90bdcdb49d09ca114f0b93d612f.jpg
0,train/0\933b02a60925438bbadddd3c7a29343e.jpg
0,train/0\9381c715a9e5415ea575b3d6c51c27ec.jpg
0,train/0\93e573189638488f90cf767c1ca67bb9.jpg
0,train/0\93ec4b974908426cb92bb47e49685db6.jpg
0,train/0\941efc0d7c404774899aaa3ef56986cf.jpg
0,train/0\9464f5fd52224a1dab6f8307408a3ba5.jpg
0,train/0\94c22d4530cb4265b3dd62b137bca38c.jpg
0,train/0\94eaa08c209940598ff63961092c3f33.jpg
0,train/0\950c1f5f9db94520b81b5e767599d5f9.jpg
0,train/0\9612d63d845a43c6868dcaab45516615.jpg
0,train/0\96ea7e556526457991ca4a6da5ddbc03.jpg
0,train/0\9714c2da814f48c088f257c398daf6f7.jpg
0,train/0\97a9ab0246444341b54f25310906647c.jpg
0,train/0\97fabffb9ecd4cb58a82fe3d76a69695.jpg
0,train/0\981c5a02938c40c0a85fa7e9bb06254a.jpg
0,train/0\98874cb291dc4858a69f82dc440bfa48.jpg
0,train/0\98f42f4c078d4f1baa4b0b907aba46ff.jpg
0,train/0\9958bf1d8d64423d9b555c838ecdda97.jpg
0,train/0\9975aa52f909456a91f0c222fb406d8e.jpg
0,train/0\99b8c29d04d842d098789faaa73e7c94.jpg
0,train/0\99d483af86a44842b22a9fd6205b2020.jpg
0,train/0\9a5d165c1b764decb3b4d3d590aaa0b7.jpg
0,train/0\9b2676897678437a89518bf318a3b07f.jpg
0,train/0\9b30a7a4ef234e5eaaceb9da73a527c9.jpg
0,train/0\9b39f76c8e62461c835c1e4ae51c9ad2.jpg
0,train/0\9b9fc9d143814ddaa471ecba39cab5a1.jpg
0,train/0\9d0dde6bcc1242ea9d58423f79409d64.jpg
0,train/0\9d5bb2746d3d406fa88966e3a6dcc40d.jpg
0,train/0\9d8f9d8523f94ac2b264a799b9cf96b8.jpg
0,train/0\9db3c1f0090b435b8f6ce3211e5ebacd.jpg
0,train/0\9e0d9f48ef6f4ba49095cc0ac548aa4b.jpg
0,train/0\9e141585b9ec4bf1a0c7b0c909698121.jpg
0,train/0\9e9aae1a188f4ed2b166947ae69117b2.jpg
0,train/0\9f0f35e6b5e74abeb4931769c8fd2aba.jpg
0,train/0\9f3b6332791e4d3d84d38748b8614390.jpg
0,train/0\9f400bbf51a047018ef79724725a8130.jpg
0,train/0\9f4050b8179d4d8ba491c7ab9287d381.jpg
0,train/0\9f5c4aeda3884dcda27231150b3dfe1f.jpg
0,train/0\9fd8b5a353b941eeb52b69fbdade48ed.jpg
0,train/0\9fdcd1ef325f410d9b9c89729208036b.jpg
0,train/0\9ff4e07557c34b7fbe519eee0562e5a9.jpg
0,train/0\a097b5faa65042cabb07825187bb317f.jpg
0,train/0\a0efa80cc64f4b398a80248504aa2909.jpg
0,train/0\a13b653593294516972dd06c48dccb65.jpg
0,train/0\a15fd4dd435e4d01b3d659509807a771.jpg
0,train/0\a19e62e4867a40eebbce730abc40177f.jpg
0,train/0\a1a4f2ecbd90416aa9af1f38857dd8ce.jpg
0,train/0\a1e52c18467f44f38b6cbee9714af6d4.jpg
0,train/0\a26668a2c3074af69b580c8e446ac37e.jpg
0,train/0\a276a22101484955b813bae32dc4fa78.jpg
0,train/0\a2b084fd9d994a48a4afe8a32edb9d47.jpg
0,train/0\a30257c4c0cf43248c1ac8907ca3753f.jpg
0,train/0\a34ef40476b04e0da0b1ee3bb31ec3f3.jpg
0,train/0\a41cdebe38cf41ad85263c53b6e4938f.jpg
0,train/0\a46ce833411b4770a7789d84f07d629f.jpg
0,train/0\a499981444cc429cb1ef7b16c6b870b6.jpg
0,train/0\a51b4705105b4c91ab0b890e47bffe1d.jpg
0,train/0\a543204f069a4af58b9293276305e439.jpg
0,train/0\a558de5282f945e0bb9ffea773d43d9e.jpg
0,train/0\a5a7f2f0b3e84d08a0daa1e558e3500d.jpg
0,train/0\a5b2738fc1f54e63a2426a2d774cdbec.jpg
0,train/0\a5f44cf1a93b44c48fae2fdcfed40c33.jpg
0,train/0\a600dbe8121842a7ac9bdb0735495b7e.jpg
0,train/0\a6d789da640e4193b6ab1a5542dacb10.jpg
0,train/0\a6debc98cdc744d185e8de1accdc4a2c.jpg
0,train/0\a714b10da407494b85cff143a4600370.jpg
0,train/0\a775ee2e53d44dada2fb9568cf458144.jpg
0,train/0\a7799b72362c45ef9552c9f88de52c68.jpg
0,train/0\a879ff3db7e94fae800caf5792c3ba10.jpg
0,train/0\a8a7f13e9ec34bd3a529c92990a01a48.jpg
0,train/0\a8fbbd4dff4c44a996a0368db77f2d5f.jpg
0,train/0\a926791a6bcb4104b45dc7d8ad947d4b.jpg
0,train/0\a9b8c6fc3c614d94bfd03f0553852070.jpg
0,train/0\a9ed7ee58f8549e8a3c583c16be43832.jpg
0,train/0\aa0576b1c89541c58f6993ce6a7bd78b.jpg
0,train/0\aa1c19265ab8458ab4cc5e5155cc70db.jpg
0,train/0\aa4d659bf36049cc8de3c98389304902.jpg
0,train/0\aa92a77919d449359855e38c654886a3.jpg
0,train/0\aae88a8e81a84590bdebaae5f0383e56.jpg
0,train/0\ab0825b6ea784238b7438ac85272b521.jpg
0,train/0\ab28deefc9114b18bb33e1e04402c426.jpg
0,train/0\ab513805f7f84d6fa0af788b532b89fa.jpg
0,train/0\abfe42b4bb684db893535e30f1317d2c.jpg
0,train/0\ac1919bbfd5848cb964dc97d1cc02943.jpg
0,train/0\acc1d58cf96f446a92b312aa6a84c684.jpg
0,train/0\adb31d88193f48d68eff478ad95bea43.jpg
0,train/0\adc5642180224347b45fa48d1c8798a4.jpg
0,train/0\addb9fd3bb684908ad7eed94c2d4b87e.jpg
0,train/0\ae1c7c12bddf4ae8ba854dc635c11949.jpg
0,train/0\ae5d2cf1bbb24565ba4b25607875d9ca.jpg
0,train/0\ae86c58b55f4439ba5b6c29c9407e32f.jpg
0,train/0\ae90f7cd1ce34509bea7dabbd761f686.jpg
0,train/0\aec427a37d3142b985a6e02eabdda64a.jpg
0,train/0\aece1ad81ac94326907b9723539d7409.jpg
0,train/0\aed28f56f0d94af69d40393c69a5aebb.jpg
0,train/0\af354f4099de448cb200c44954d4ddb0.jpg
0,train/0\af45af1cf7274c2298a39f12176b0573.jpg
0,train/0\af4c66ae77a845a58a0d46abd1c226f4.jpg
0,train/0\af75bcc3d9fd46e89a9d7011b935ff1d.jpg
0,train/0\af9273d9e8d64c87abaf32952fdd9fd9.jpg
0,train/0\afb88ae9160c46558d7e00975492fbe0.jpg
0,train/0\afef7f81f39645f9a581dc05012388fe.jpg
0,train/0\b01d0e34b327404a8ef1ebab8891371f.jpg
0,train/0\b0529e55aad242fda4b75ef6f26f77d0.jpg
0,train/0\b122d36eec474c05908df03b2173d75e.jpg
0,train/0\b124b33874c84068898c622c9fc05a45.jpg
0,train/0\b129dc23bb5f4838837fd633019b4da6.jpg
0,train/0\b13ee53a58c34d08930fc1468e4e99ca.jpg
0,train/0\b166a3ff2b324850b6f1b9dcc28f8e85.jpg
0,train/0\b1a17011492943f98dfc85c26d7f13fa.jpg
0,train/0\b223242c767c4bc794d9b8bb7725f4d8.jpg
0,train/0\b236d61a967747f6bd84f994f9462dd3.jpg
0,train/0\b2588c16e9ec479bbce460cd60c971ba.jpg
0,train/0\b2b637389f9141d4af4196389dd24d3a.jpg
0,train/0\b316dedd2bdf4630aa27983f039940b8.jpg
0,train/0\b32d666635dd49379334d7dd87d6c788.jpg
0,train/0\b3742f8e07da44ba83d14d8fcbb85c5c.jpg
0,train/0\b3dfc200216b48e8b289f4c0ffe4e30b.jpg
0,train/0\b3f40b1a23ae45179b196e9dd82f1908.jpg
0,train/0\b40a0e4779eb41e4842688987c158fb5.jpg
0,train/0\b44142164510455aa6e9ed8902dc44c1.jpg
0,train/0\b447b083f36c44d69dfc8d307bd0a3a8.jpg
0,train/0\b487a7754e61492ea8f6606e49398189.jpg
0,train/0\b49a783558194f82a260a3f647dbf74e.jpg
0,train/0\b5136bf05bbb46348cefcf44d06028d4.jpg
0,train/0\b524694579194766ac66322da88a52cd.jpg
0,train/0\b52e9e4308704ac6855c8796e53da392.jpg
0,train/0\b5d596efaaee4ecbb6cf727d3ef8eeb9.jpg
0,train/0\b65dfc22025345ef965371a0966961e1.jpg
0,train/0\b73c2d1562e242f39826a9523c3cb054.jpg
0,train/0\b76389070a7742879476cf2ff45fe46e.jpg
0,train/0\b77fcfea3b8d425fa1505ac3b5fbae22.jpg
0,train/0\b7c9d0d5e79248d69eeb819542a49b3d.jpg
0,train/0\b83ca857431046a1918651a5f16286b7.jpg
0,train/0\b8474382ac8542bfbb2638b7e3b07358.jpg
0,train/0\b86d0769fb8241f2810b6d5e2e3a1685.jpg
0,train/0\b8b37c15f7164522a8dfddf99b6cddee.jpg
0,train/0\b8cb1d4b2d494467b2dc4415c539e17b.jpg
0,train/0\b9442d35237240df8b80281cd6bfc7b0.jpg
0,train/0\b9454ef3a1ad425c94431696a27419e7.jpg
0,train/0\b97df6df05e7400e8abe23f4764e430a.jpg
0,train/0\b985c5b02f6a46eabf265816a710d4f4.jpg
0,train/0\ba19d9161da44830abf898ec4ab621ab.jpg
0,train/0\ba243618a24f4b39b7bb4b40790bd1b4.jpg
0,train/0\ba586756f44140aeb23e7b9f32f01528.jpg
0,train/0\ba76bdfe16294f2fb620cc5adfe2a6c8.jpg
0,train/0\baad683bb2024ea89a5c143dcbdf0a56.jpg
0,train/0\bab1d1e57a7f4c9c9f832f58e79e018f.jpg
0,train/0\baf3d5137e0a4eea99abd679a45274c2.jpg
0,train/0\bb0414b422084fddb545cbdd32a5f434.jpg
0,train/0\bb270af1d81c4929836d7a7eb6885fd1.jpg
0,train/0\bb7fb3652f2148e380223e2b01be4296.jpg
0,train/0\bc0b21c8acf14adc8d8d1416a9af6d65.jpg
0,train/0\bc4e9f3779054cd0905bf9d9821f4588.jpg
0,train/0\bcf89e6e9d3842698fc5af6375fe7ce4.jpg
0,train/0\bd0ec971290e4f0383dbc62686390a02.jpg
0,train/0\bd3d740cd43f4e0dab11fc103df8c5d2.jpg
0,train/0\bd67a6f037a84a898112dcbebc4bde7d.jpg
0,train/0\bdfe549da93f4792a606f287056efeac.jpg
0,train/0\be38e45f1f754d5e85378c1580c9f587.jpg
0,train/0\be3c203b6bf7408c9828ef8e3d867818.jpg
0,train/0\be8acbf776924d068bda147e6c89f411.jpg
0,train/0\be953ebca45f49e0bd6fd617ed843706.jpg
0,train/0\beb18b56f8ec4d468a70be782f8bb3dc.jpg
0,train/0\bf084006462942099f326a925d85cbcc.jpg
0,train/0\bf19235484184c61b534e2e3dbb445a9.jpg
0,train/0\c02382f60f994b4bae49af9bbef89259.jpg
0,train/0\c03f56d7d4c54c4299127fb7c6ff08b5.jpg
0,train/0\c0e3a9a6e42e4a32b8b7b1436b428334.jpg
0,train/0\c10249e40e3941e5a4c99c7bed5dcade.jpg
0,train/0\c104fc91e0db43fca10db62a27a8d985.jpg
0,train/0\c1552e7ac2274b478bad2edd5ddae08e.jpg
0,train/0\c172ee3fd8af41b68618ab6f77dec651.jpg
0,train/0\c1774e6e36dc44ceb790b6a5f128f3e0.jpg
0,train/0\c1b32d0d1c244de895b23e627e9f9ff6.jpg
0,train/0\c1b65abfd4f14dc5bd7789cc41a049d3.jpg
0,train/0\c222ac47fba241e5bc7da9bccdcb4267.jpg
0,train/0\c27b2e6c29d64556948c58d6e87bace8.jpg
0,train/0\c2b640cac4314ab384e63bb1866d0a77.jpg
0,train/0\c2e75e8f3bae41e5b50e0806dfd36076.jpg
0,train/0\c30b3587c01944928380f7e32208f1a7.jpg
0,train/0\c34795f9e742440784857aa8e2745817.jpg
0,train/0\c36a27f13f5e488e9b28664c4ae25d77.jpg
0,train/0\c36ab49d44a44636b4f5700a9fd6f05e.jpg
0,train/0\c37c75e93d1642fa8ddbd4fbec1c0314.jpg
0,train/0\c3d48fd8e09f4cfca74196c54821d80f.jpg
0,train/0\c468ad94b6de40109a27edf6ae9e9188.jpg
0,train/0\c476ebc409ab4b5c8ce986415d51b48d.jpg
0,train/0\c47df4475766403b900201d9b9266f7e.jpg
0,train/0\c49740e6e5fe485aa5300d4f1f5e0166.jpg
0,train/0\c4da47ca9bfe4d23b54d6ca527a0e453.jpg
0,train/0\c5944bb622b44b349f6c98d12e94e40e.jpg
0,train/0\c594b393de3e4a3e8658a2f182d7dafc.jpg
0,train/0\c61fe7342e9244679e4e222b8c6df9f6.jpg
0,train/0\c63918e5ee634a80955a01681b016e92.jpg
0,train/0\c6521ca19a404edd826ef68ad0a83f77.jpg
0,train/0\c71d071c5ca14331bbff53322a222eb1.jpg
0,train/0\c7600447279246ef83fb5dadfff9d6b3.jpg
0,train/0\c761a509a34a47f8861ed9b744799fb7.jpg
0,train/0\c79ff849d500431199a383d0e64330f2.jpg
0,train/0\c7d4e89dbe9d46d084c44aa14ef4de3b.jpg
0,train/0\c7d5925a1db94c5d8232b3852bd6f6a1.jpg
0,train/0\c7f394450a08442e8cfbd25aaad3aeba.jpg
0,train/0\c8691c8a01fd4e819840e96fda4855ad.jpg
0,train/0\c91682128074491fba1ed2233b8b526f.jpg
0,train/0\c98b3af1e95f424da4943a0e8aeff7f2.jpg
0,train/0\c9aceb7b3269425b84e4b9aa25f0d385.jpg
0,train/0\c9d3f58210cb4d859121e51ad622e579.jpg
0,train/0\ca05715de90d43098c23235f9ede3c0b.jpg
0,train/0\ca35f838a9274d5bab1c5e3138931213.jpg
0,train/0\ca669037e52b462997d1ad0a5f5c71b1.jpg
0,train/0\ca692d8f716e4aa3bb23a9cb924e5d6b.jpg
0,train/0\caa62a80933745e99b270b92e8cc4c0a.jpg
0,train/0\cab925c39a26435384468a027a61e0da.jpg
0,train/0\cad2010d628d437caf61c8361c11ec80.jpg
0,train/0\cb0edfae279244739090c4ca87af153e.jpg
0,train/0\cbcf76c6d7a046e0b77a9c6b72a3e978.jpg
0,train/0\cbd3a39c7dd2442d8eedb947155cc39c.jpg
0,train/0\cbdad1c8fa4e408884a63a408f7a4b82.jpg
0,train/0\cbf8167abbbd4e549e6b3022efabac3c.jpg
0,train/0\cc29ee9091e04bf897dee30cdea857c2.jpg
0,train/0\cc5c8ae876ac48ddbbdfe28dc594a1a5.jpg
0,train/0\cc811b80a3784512a77c7632c142de18.jpg
0,train/0\cc87d3ab5b7045a4b5a33ad117353cfe.jpg
0,train/0\cca5214c336246749cb2c6bd7e462484.jpg
0,train/0\cce7c1a8f6494859aae97fbe06897911.jpg
0,train/0\cd30a9b4ae0a4e9eade7eca08bec5b30.jpg
0,train/0\cd4a5c06eea34287977c88e4ac955f19.jpg
0,train/0\cd776698621c4285a3d7a01922af9ffd.jpg
0,train/0\cdb70f425d7048129ca928557cea592c.jpg
0,train/0\cde04afd0e5c4a61bd1b80f2c11bede8.jpg
0,train/0\cde34e5d14d54a80ba239e4ce1c93c33.jpg
0,train/0\ce8ffec7646443348cb4f828ed2a7e7a.jpg
0,train/0\cec3d3e6c0ec49298254df74b20f96d3.jpg
0,train/0\cf74f421acad49a8a808e9689d411cfd.jpg
0,train/0\d002f0ec82264f8b954cbdac3adca8e6.jpg
0,train/0\d00b02c166fa452699712ce7d92e62ca.jpg
0,train/0\d07becc2f3fa4910ada84fea52574afe.jpg
0,train/0\d099dfc4c873486d8bd4454502dd4f1e.jpg
0,train/0\d0c45686a3794d2dafdac20fa7909d8b.jpg
0,train/0\d0fea5c620614775a1df397ae555a090.jpg
0,train/0\d139712c460247c49cc57927a5a1c36f.jpg
0,train/0\d18ee799cc4740738dc233d5b51575a6.jpg
0,train/0\d1a20adde77d486d994e23a1d125e78e.jpg
0,train/0\d1a349f6b7c74c8f985ce13896f0a1f1.jpg
0,train/0\d254f001074d4d389cb42c7254dc9514.jpg
0,train/0\d2b040264ea64379a11ee5d39c195bdc.jpg
0,train/0\d2f7b5867c814c1b9be0e9c4aac9ebe5.jpg
0,train/0\d325458fdb1b4cb8920593deac1d6f06.jpg
0,train/0\d3a8285508ea48239a20ac8adf8197ff.jpg
0,train/0\d4c6305f5add4c1bbdf3595646efafcf.jpg
0,train/0\d4d1e89bbb59485bbfa11db5e6e28c85.jpg
0,train/0\d4dcbab53e6c4a069eca966261032247.jpg
0,train/0\d4e6273c1d044ed2ae2fc0ee9b2ff319.jpg
0,train/0\d524e82196ed4443abc281f061428d64.jpg
0,train/0\d5359d0116b845ef83d09ab0948d09d5.jpg
0,train/0\d59cb75d1a0f4d2a82ab2f96f4c3d3e4.jpg
0,train/0\d5a74af715a342a6a1bd84e970eda2dc.jpg
0,train/0\d5e41c4ad69b4858b898d01b8d9c0540.jpg
0,train/0\d5fac952fb8e4df6a98e276ea69c1c07.jpg
0,train/0\d66c38abc38242f4a16471bb2fee22b2.jpg
0,train/0\d67ed3c0cb9a42dfae05461d88fbe724.jpg
0,train/0\d728e2424bd54b10a1fd42d102432c14.jpg
0,train/0\d7807a5ecee44aa3917f7c6c4ef561f3.jpg
0,train/0\d7b074ed02e14236baaabb283ee967aa.jpg
0,train/0\d82932b3efdc4afdaaf888fa956f99c9.jpg
0,train/0\d86bb95372934be88d93828f4d1831cc.jpg
0,train/0\d8749b1d57004e65841a050284c7051f.jpg
0,train/0\d95c38dec40547f9a1b95916cd018c17.jpg
0,train/0\da5a5878db3a469cb7fdabd63528e6be.jpg
0,train/0\da8527c1aa80423bab7c419879392fd8.jpg
0,train/0\daec33ee3f7f4d3b964fe7402f4ffdf7.jpg
0,train/0\db1bd28e788a40af8f71d7a657e1201f.jpg
0,train/0\dc0eb658e8f8405eb3703c3767e1964a.jpg
0,train/0\dc222b71b5b64ebea843fb7826be7b62.jpg
0,train/0\dc2580c0390649e08b38411aac6f199f.jpg
0,train/0\dce8169d09cf42458afca5b06276807d.jpg
0,train/0\dd6f3b294774449899ceeace79ce89cd.jpg
0,train/0\dd8f259714d4423897579fa89e2c94d8.jpg
0,train/0\ddf201cca2794f6eadce939ccd9de5ec.jpg
0,train/0\de264feb1e734c10a564e621292631eb.jpg
0,train/0\de7fca1109894c90a4998377ff574f1d.jpg
0,train/0\debe385714d74f5e886443bc1dab0524.jpg
0,train/0\dfd0a90325cb49f0b2294199e9856878.jpg
0,train/0\e08b37db990b4187b471cbd80c66e5e9.jpg
0,train/0\e0b3301120ff4d8ea9133936058d6be0.jpg
0,train/0\e10072bd80a84761b5bb3f7fab24c01f.jpg
0,train/0\e100faa5de2e4b789207124491407d53.jpg
0,train/0\e1674a8a50ab463981b722ca65135b1d.jpg
0,train/0\e1a50a709c8540c4b005cb13b309e195.jpg
0,train/0\e1f7860c07a043e288d57a29787c64b2.jpg
0,train/0\e1fa0949281a47d3a53bac747b5d254a.jpg
0,train/0\e27663f51cc741f2bc030e0b82544c8c.jpg
0,train/0\e2ce519378bd45d1af6649b02f4024e8.jpg
0,train/0\e2ef38e6496b4cd59b6a3079263a6aa4.jpg
0,train/0\e30691a692a84e10af5152423085db13.jpg
0,train/0\e32db07fab4f4c44886faba5b150d0c4.jpg
0,train/0\e33cbaebb26b49c6b55fbe93d05b0edb.jpg
0,train/0\e34cf9b603d64d3fa5cf65913edd52d4.jpg
0,train/0\e3e32b253f854141bea7b025b3348e03.jpg
0,train/0\e3e5de34da254826b1b58bf1fb4b9b22.jpg
0,train/0\e40b95eec28e48788c594197cc6ed0d9.jpg
0,train/0\e417affda01c492f9cc85ea4f34f99ef.jpg
0,train/0\e431e3c0b5e34b0da4b7b3a5e8a598af.jpg
0,train/0\e4322e4077be42d08136330df70b0bdb.jpg
0,train/0\e478a2b8a873427c9608078a31b127c9.jpg
0,train/0\e488891e72764d7cb22001426f93c736.jpg
0,train/0\e511905b7e4f40338c3cae965a4b4e59.jpg
0,train/0\e51dab87b1fb40afa0d01414ecc277fb.jpg
0,train/0\e520b4bf04f84692a4ad2681e5ee9e94.jpg
0,train/0\e5318703cc7c4ac0a21d5ad63de2d830.jpg
0,train/0\e583117b091d478b96b8ddcb3042c259.jpg
0,train/0\e622798295da482896699ca7c9c90ce2.jpg
0,train/0\e68f6c4942f54ab9bedef1f64175587e.jpg
0,train/0\e693c45d13fc4fd7b497a47e4fd89c17.jpg
0,train/0\e6be7a66868e4dbdae286f672f842c06.jpg
0,train/0\e6e597fa0d1a4cb58616d56c98d7312b.jpg
0,train/0\e720dce1eefa413b816717352adc82b5.jpg
0,train/0\e75444cb10774acaa2e1d15a4c64a6d0.jpg
0,train/0\e780cebd7beb4cd596b0c1bf40ea8cfe.jpg
0,train/0\e79d8106c3ee41989c40b606d312ee14.jpg
0,train/0\e803c533af8f451c91b0b13df318c64b.jpg
0,train/0\e856784dbd97484ba87f29ca4f3fa4b2.jpg
0,train/0\e85f81fbd9754fba9f0dd776c3a1e7fb.jpg
0,train/0\e8ce49c9e7d54988a6b22c1562f73343.jpg
0,train/0\e9126f57fccc40f3bd05e59878361023.jpg
0,train/0\e9aa1050bc6a412981a8036af47c118f.jpg
0,train/0\eac0a6ddd15d49e79d0d62cbf9f3cec8.jpg
0,train/0\eaf176894c7b4ffca416588dc2c2a21a.jpg
0,train/0\eb39f19901534311a1780483571a38be.jpg
0,train/0\eb4ce72c3ba141168c6d8addae1b3704.jpg
0,train/0\eb763a1d5d6644439291c795abe2ad16.jpg
0,train/0\eb9714a6b7974642a20b7aead6a73558.jpg
0,train/0\eb9a0d265f304bf0becf1eb729c1230d.jpg
0,train/0\ec050d273c884a1abc464b7b68c330ef.jpg
0,train/0\ec3722529593460997796c814ff78ef2.jpg
0,train/0\ec3b776fa7d745a3a6cb110b20086362.jpg
0,train/0\ec836442f18b4b848cde2f1eb5513dff.jpg
0,train/0\ec87107d793245d58923f547862a2f2e.jpg
0,train/0\edfba19e75774db38daa629b54881e37.jpg
0,train/0\edfbcc5fe41f4a33875b138020631687.jpg
0,train/0\ee2a938ea9a14f129b3633b37feba6d0.jpg
0,train/0\ee7ffc25161842699a67ebb21290d998.jpg
0,train/0\ee88964c2c8149cf80b5b8f63700aa86.jpg
0,train/0\ef581ce6b8cc4e94856e8410d4b51e5f.jpg
0,train/0\ef6a5a3a54e54ab9aa64522db06c68bf.jpg
0,train/0\efbb07b4e46f4b8ab5c62158c610f70d.jpg
0,train/0\eff1941afa7c47ff8f98305ab4fe8a9c.jpg
0,train/0\f039b79f7e03455389a1c7c7e33da75a.jpg
0,train/0\f05e40c7a8054eb98cd2fa68906bc720.jpg
0,train/0\f09b02c023924ce2bbce01208b110e45.jpg
0,train/0\f12f230503ba47628691b97f6d4bfa0c.jpg
0,train/0\f1651d785943445e98a9996afcff8797.jpg
0,train/0\f192b16496284587ad13a9cdf78d7816.jpg
0,train/0\f1c63404ffb04c47a897581a89642f3a.jpg
0,train/0\f1fb036a34d54e5581f9047a9eb5e62e.jpg
0,train/0\f25f52bed98b4c0fb7016dcdb80d9620.jpg
0,train/0\f292101e8e92449fab0ea61172d2f1bd.jpg
0,train/0\f2e8278a1f83477da3bdbf5b381d5e31.jpg
0,train/0\f335375e21194d7eba2ecc00f88da9e1.jpg
0,train/0\f3de3c4bd16e4bf4ab9247e13517ab35.jpg
0,train/0\f43586cd9237485188067646f756e9ae.jpg
0,train/0\f43caa255bac411e9a0af36bfdd2d249.jpg
0,train/0\f4eb3e9149db499eaceabfe26aae3003.jpg
0,train/0\f52668b67f4446afa075779f055df13f.jpg
0,train/0\f52f14cc5ba6484c944d5b33ac2cb0ab.jpg
0,train/0\f531db2823224b46b6f4c88baa5849ef.jpg
0,train/0\f573e1121d274d7ca602a722d305bec6.jpg
0,train/0\f59183d639d94bc48b81e73615d1f4e1.jpg
0,train/0\f5a609b3dce3400b93c976882865a17f.jpg
0,train/0\f675bebbbafc417f9c134a8805c4bea9.jpg
0,train/0\f67ff15ecf1e4122a9124fe7520bc689.jpg
0,train/0\f6ba580cb2c147b99039a3b269230e15.jpg
0,train/0\f72960f44a2e4143a2fecbd6a85b00b1.jpg
0,train/0\f736f745e163439192ac97359d4bf413.jpg
0,train/0\f741e07749d84909bbf9f9372273359f.jpg
0,train/0\f7808b2fc3424ec7a6e3bf597a5b5b37.jpg
0,train/0\f7aa0226d60a4cdc92dd720ce72a0196.jpg
0,train/0\f8015e5ece944826a0aebf83bec060e2.jpg
0,train/0\f862a2498d56434a97ab2d8135a78cbf.jpg
0,train/0\f8b19f5f55454f129dfff0676686dd90.jpg
0,train/0\f8be54005de14dce9a91c58d6337c263.jpg
0,train/0\f90d1fb6587d403cb153b52e4e1ba0b4.jpg
0,train/0\f934a3772ba74f60bbe23b92a7b0ff3e.jpg
0,train/0\f97cdcbdec184d919dfe5c5c73098e43.jpg
0,train/0\f999a52db3e54e919533dc2d88449a59.jpg
0,train/0\f9a7ecab1cbf4ef498a5655d618b1511.jpg
0,train/0\f9de3a14203641f9a02508ec005ed8b5.jpg
0,train/0\fa24875f797f4d5a934d3f95ba8cebd0.jpg
0,train/0\fb60ea7e040143e29101d12e61c81443.jpg
0,train/0\fba0b875d5684d7cb270f1ef5a84f6a8.jpg
0,train/0\fbe34dcc458c40c8a3b644e74482923c.jpg
0,train/0\fc2506a2b0b5412cb5b45292ce981f11.jpg
0,train/0\fc2d74592aa6491eb4facc49881c0ed8.jpg
0,train/0\fc3d358485224226aca38d6249ef1451.jpg
0,train/0\fc46b8b4d0a14e4cb34014da23a8b778.jpg
0,train/0\fcbb3103ee994663aebb3a42fdb6f4e0.jpg
0,train/0\fcfb3a9c77264030b095d17a8882d87f.jpg
0,train/0\fd80796e92ed48b789f1c8db0d7198b1.jpg
0,train/0\fd8455ae5f994a9288293d597ebc5618.jpg
0,train/0\fdecf7aeb67d4545a1bbe3afa4915ed1.jpg
0,train/0\fe1230063a434daebf38d4ed7e77d114.jpg
0,train/0\fe33ae5df08e4caf9a8c67bec9655440.jpg
0,train/0\fe36d12ab436404ca0748052ac23188f.jpg
0,train/0\fe42a3e80ce1412690024f0324452466.jpg
0,train/0\fe456622fa6941ff97ed9bdf0ba2f0e7.jpg
0,train/0\fefa83f86e1644fd96ef159c85796dc2.jpg
0,train/0\fefd441b2f734261b8746813f4ef8073.jpg
0,train/0\ffb0eb8a907a419caf519fc8956bc0ab.jpg
0,train/0\ffc6e457a77f4d5487931cc889ecab23.jpg
0,train/0\ffe1ee604d00448f89d947c2016582fb.jpg
1,train/1\0133046f7ae3465fba495f24c360e768.jpg
1,train/1\0199b04f4b1d46158eca6b32e9173f26.jpg
1,train/1\02d952e1c6594c80978214ed30edee6e.jpg
1,train/1\035980ee146a4ed89c04b0d1b08c04f1.jpg
1,train/1\0405b58775c549828fb80637df522226.jpg
1,train/1\04be513463444c8b83d2c773a6acab73.jpg
1,train/1\04c47f48593647e2857fcf7a8dfde7da.jpg
1,train/1\061c9c88ee874c459b18be2b82c06302.jpg
1,train/1\061e88cca8bc42a9b27457d7407547ee.jpg
1,train/1\063d1fb15dbd49d59653df50e36fb7f3.jpg
1,train/1\064529154ea54357be9eddceef5db646.jpg
1,train/1\06e6789f229a441582bb52aec4f4808a.jpg
1,train/1\07b6f965b7684e90a7140b38b97fa58a.jpg
1,train/1\07d24a1e46704e62a0f737394b5f5d49.jpg
1,train/1\07ddd7086d1f448999acb63e4427a3db.jpg
1,train/1\07ffe787d0ca428f8c9f378a1ad5b200.jpg
1,train/1\089a267c9ba148d5a257c54991611b60.jpg
1,train/1\08ad3f646bce40ab894c4e37cfdb20cb.jpg
1,train/1\08b83f96d9404f08884cb04815010bbe.jpg
1,train/1\08f802cb504d41d689fd9d6a945746da.jpg
1,train/1\090f151c83434308a794609bae173087.jpg
1,train/1\099c0c66c7ff49518d9431da92bc072a.jpg
1,train/1\09b321caaa7d49428525e56d91dfec27.jpg
1,train/1\0a4a5eb70a814c448a21071f4804d500.jpg
1,train/1\0ae2a18990804c30802ca47995e52170.jpg
1,train/1\0b580550154a4b128e0e0cc736c921d9.jpg
1,train/1\0b8f47c01c4d4e2c8f1a97056737e4ae.jpg
1,train/1\0b971ec31f8a49f2bb4e053902ad8ac2.jpg
1,train/1\0bbd5af9d169422ba3faaa65045d4ea4.jpg
1,train/1\0cf61b9ffd7c4c879ccac67b8368494c.jpg
1,train/1\0e0e0d7b47a54870913d3d391231609c.jpg
1,train/1\0f3407e67ddd46c892a0dc303695b0ff.jpg
1,train/1\0ffbbdc35b03409c97504f3740a9d2ed.jpg
1,train/1\1013c4acc3904dddbe96d2ed7510721f.jpg
1,train/1\1067e87682464e8d8d3ff8629fda0751.jpg
1,train/1\11710cf6661d473eaefe59a32a2de3bb.jpg
1,train/1\11d50f4b8b204e93beb0a378fb7afc9a.jpg
1,train/1\1316d2e5bfac4ccaa581d4278688e5e4.jpg
1,train/1\132c269c23bd4c259c425af36644895d.jpg
1,train/1\133e49beabfa4224a513c22e59f761c7.jpg
1,train/1\13a955571646430d8e295c02ace95f01.jpg
1,train/1\1668f12a7ce44837a745589964eee049.jpg
1,train/1\16753cbb507345b990c97c434596afa7.jpg
1,train/1\169d76ae9a224677b64e6daf86a205f7.jpg
1,train/1\1834887fc49e4a37a1a337b581eaad24.jpg
1,train/1\189fe64c12ed4c72857d5fdf8bec1b7a.jpg
1,train/1\18f764319e59412d91807bdce3b5cc23.jpg
1,train/1\19449fada3df4f7192a0dd394ae4f807.jpg
1,train/1\19812474bc9540e29f480c1df58c4f05.jpg
1,train/1\198fa4e6281b4731b3cf7c4b22773b30.jpg
1,train/1\1a016ac9d3e746568b3d4e8483a92990.jpg
1,train/1\1a36981277d34e72ba90fa9399605b74.jpg
1,train/1\1afbc92fe9154c72a585b52f095f1ee7.jpg
1,train/1\1bce57c17d9b474fa1e5013ea6906656.jpg
1,train/1\1bf0ecefecc1418d997c46e148a637de.jpg
1,train/1\1bfaf5fb766f469b8dceda41d750fb7c.jpg
1,train/1\1c14f502886d4553a748942a5b0db081.jpg
1,train/1\1c3975dbfb9846268631a758e1e4d2fb.jpg
1,train/1\1c602d4eddab4010b80b5fd197cead00.jpg
1,train/1\1c67f406b1434ece8c989e8c945f854b.jpg
1,train/1\1c6dc9e1f95d427eb4ff07ef0bc814c2.jpg
1,train/1\1c978a2cdef44d2f963dcc366f517dff.jpg
1,train/1\1c9e60302a044333b63f8718966d4591.jpg
1,train/1\1ce2df1a55254e1d8a15c7233a781422.jpg
1,train/1\1d58b70c4c5e42dc9f5008bbabe7f579.jpg
1,train/1\1d8cd91056844f82966a471a6d6716e3.jpg
1,train/1\1e30ef801cba42d69cdbb4a09221ffb4.jpg
1,train/1\1e463d32865d4431af6ee76d03a386dc.jpg
1,train/1\1fc54a4201564fd88a6b8c32e67112df.jpg
1,train/1\20735fafb86e42b59dad6de03907394b.jpg
1,train/1\209b7e65c9224681bf0cc6bfa005d4da.jpg
1,train/1\20e22ac1542c4930918be103c80bcfa4.jpg
1,train/1\212abdfacb1343f4aecc5eae5bdf79d0.jpg
1,train/1\2172c4d9e6b64980bd8afa83d5f1c82c.jpg
1,train/1\21c1d12ca4e44a7bac9f6f9fd1f91d08.jpg
1,train/1\227324a52803496da763a8ca0403a3f5.jpg
1,train/1\23909b2a13064f7cbd7636d269b45e7b.jpg
1,train/1\2451c72319f54395880607dc540f8e79.jpg
1,train/1\26029ab6570e41d7953bb48fc7f13e6a.jpg
1,train/1\263e36e626eb415e92c7d175121c5dee.jpg
1,train/1\264a4712e58c4770a2f04211b7a0722a.jpg
1,train/1\26bcb3b1809d400ab090e67b8cc83796.jpg
1,train/1\26d55c62fa154c209ed9537b461af37b.jpg
1,train/1\27eee31b2b154edabb47f0de93a81ba7.jpg
1,train/1\28ec99773a874accbf27fb1351a71c70.jpg
1,train/1\29a8e5c6e9f94a2394b9250b163a0106.jpg
1,train/1\2af20deed8da467eaa1862ab3a048893.jpg
1,train/1\2b5c64e3160d4a999c40d9c127e36ebf.jpg
1,train/1\2c134c4796884b4c9676baf29a97e145.jpg
1,train/1\2c136aaa30d94098b8cca5c1f6760261.jpg
1,train/1\2c56343535244b22adb16d4b25cf4f0c.jpg
1,train/1\2cf24ce3e2c443b0b5aa5885d8129fde.jpg
1,train/1\2d49fdd7c85e4199a7e1f5271e4d18ce.jpg
1,train/1\2dea087ecf314ec2808fbb43c840b855.jpg
1,train/1\2eaa72a618114015894773b5e6472b67.jpg
1,train/1\2eb227a095ea4c63b5bc1b9102e6049b.jpg
1,train/1\2ee1307a21144472bfdcc51faccf76c7.jpg
1,train/1\2f85dcfa9ace4d449cf07aa7f09872e7.jpg
1,train/1\30081d2e084c4e08987488682240b016.jpg
1,train/1\3104d435144a4b5f8db0b541d5960b4e.jpg
1,train/1\31a8e247ced541dd802b4ffb1ee0fd1b.jpg
1,train/1\3242d7d133e14705b515f1bf951df05e.jpg
1,train/1\325190c8bb914dec8886c4e7b32b8e87.jpg
1,train/1\3260d3c9ec2546f3a8fa860c1f7c493d.jpg
1,train/1\326f60dd4d244c6685dfc9321ac9dcf9.jpg
1,train/1\32e85477c9214966a0be6e2af809b567.jpg
1,train/1\33ac0d7dd67a4a3cb5c19ed5cfa87cf7.jpg
1,train/1\33b8c6cfbf41483fbe6d1a696e5e130e.jpg
1,train/1\33e8f8ae9f7e4a22884a72b00470d32b.jpg
1,train/1\3433ef87480c4a93ac672de22125100d.jpg
1,train/1\34662144462446a787964c8c171f8aa6.jpg
1,train/1\3555b7f346b34357bb8f22cfab966da6.jpg
1,train/1\357901816a554bacb125eea27376926e.jpg
1,train/1\35a30c4410f4419a91e71321c1200238.jpg
1,train/1\35e6344fd6b94009b5674a3535557d95.jpg
1,train/1\365e2cd571b1492c95f51daa46c5f80a.jpg
1,train/1\36b5d8ddc6ca4cc6b817e65f9be31c2f.jpg
1,train/1\376ee95633404ff0a0c053daa1b40ff5.jpg
1,train/1\379ab6fe0cb4498fa1f6d3ab369c3569.jpg
1,train/1\37e4f1bb085240ee97730dcf0fbcf47b.jpg
1,train/1\38447730cac749ba982b72689c0c235a.jpg
1,train/1\388dba0f324f4b7483ef389b5b1ea05c.jpg
1,train/1\38bdb69f938649a890508c9f932a89d8.jpg
1,train/1\38ef597ca85d495aa9d2019bc87647e9.jpg
1,train/1\3930a16a47044b93b8c3e45a873a994a.jpg
1,train/1\3949dd3d15934204b0aa87d7dc786571.jpg
1,train/1\39c9e2d3849440ca885f2da779fb0000.jpg
1,train/1\3aa25d230a974395b7256305f580e623.jpg
1,train/1\3b0f61672fa54b9598743128f1092da0.jpg
1,train/1\3ba78e609d6d47cd9efe2109b9ec34f5.jpg
1,train/1\3beea7138ce1435c9c1e093f99ddb5a0.jpg
1,train/1\3bf0998593c0492d94cd374bdd0186ae.jpg
1,train/1\3cf8b8b8d91c46f5ae9d5e3bcb1dc32c.jpg
1,train/1\3dc3597ce7744781b5289d02f584b933.jpg
1,train/1\3ed52f17ebf9421492289a4ef251ad3d.jpg
1,train/1\3fd3393297294449ab4b2536a9bda9be.jpg
1,train/1\3fff7cc119c44fe9b14d87074aec0be2.jpg
1,train/1\409a01fbf11747ccb2aa6327fadead5f.jpg
1,train/1\40c3170e7a914c46ae7958dfef9e854a.jpg
1,train/1\410bd92afa1b4833b851c4687c117ca9.jpg
1,train/1\4146c52a9e2e4d2a9d62ac784d548013.jpg
1,train/1\4193973839cc4de2a53060db2e2c3387.jpg
1,train/1\422e94a20f264c5f96d6935fdcb45c3d.jpg
1,train/1\423bb4ea9929413283ac12154e9b820b.jpg
1,train/1\43368ae91d8843c5a8c17f335a7236c5.jpg
1,train/1\43acd7afb62141c18ac9de8aadc39445.jpg
1,train/1\43adca2491c64d7e9be793f2bb08452b.jpg
1,train/1\44271ee334bf4525b33970d25c971138.jpg
1,train/1\445144fbb7934529b14a5f9f5b3e21bc.jpg
1,train/1\447a0bded137484eb653c3c9365cf66a.jpg
1,train/1\44b2c63f9bbe42beb5a53b1d730ec21e.jpg
1,train/1\453b62167cbd476f88069f6fc01a3dc3.jpg
1,train/1\455789681a1c4ba9b398e208222ceecb.jpg
1,train/1\45633224222b43bd90bdc057874d1596.jpg
1,train/1\458bc742fc184e1fbf011e76d4d58981.jpg
1,train/1\459f1c1442b64dd380b990839427aec0.jpg
1,train/1\45fb830aadea409db0c575078b41d837.jpg
1,train/1\475af34d7ac4456dbdbcf440c4823d54.jpg
1,train/1\478c8f84d4af44228b386d663b53fbab.jpg
1,train/1\47cf959784ad480880f4047f3d56fddc.jpg
1,train/1\47d9763a910b4cd2949e506430852338.jpg
1,train/1\47ef2fae750d414ab85adbb0cb54cd97.jpg
1,train/1\48722c56946c4c93b3410d06111a5ccd.jpg
1,train/1\48835ea67fae41949125652ad82274ed.jpg
1,train/1\48a17d5ab69044dd868ead4a0e3828e8.jpg
1,train/1\4960d2557ca04593908c68427c8b3b99.jpg
1,train/1\49b6b86b12a44829bacf92da1a5eca17.jpg
1,train/1\49c93b3617dc47f79e689c0f919dcc7d.jpg
1,train/1\49ef75663e2a4a13bdf625959ea8c7c4.jpg
1,train/1\4a200cebb2db4e4f803378388a7111ea.jpg
1,train/1\4a8b689aa7fc4e9580a100484816e5c1.jpg
1,train/1\4afcfd8bd37c4552a2faac46f4a8f2fd.jpg
1,train/1\4b373faf6f114127ab159d575500e461.jpg
1,train/1\4bf05d4e019a4cf7a0aae7d3d42e87ef.jpg
1,train/1\4bf8451789664ff098d2ff2ca637bee1.jpg
1,train/1\4cf745d2c73d4495b243bf850ccd03b4.jpg
1,train/1\4d719a92d6e34ee79b4a5a520b8c42d2.jpg
1,train/1\4db5f4d7d82e4de19a98eeb9a4691c44.jpg
1,train/1\4ddfc30dfdc0498dbcc04cd5ffe8da1f.jpg
1,train/1\4e0158967f294d148189fd1eeaa808c2.jpg
1,train/1\4f3025e1b0e148d5b9774000a91b06ce.jpg
1,train/1\4f5e8e3250a2496bbb4b8f2ff8d4fc5d.jpg
1,train/1\4fb66e5179a143d89bb7846f2c8e69cd.jpg
1,train/1\4ffd9e929eea4c53a012fccb9d00cc05.jpg
1,train/1\505e38506d6241a59757396c81848f35.jpg
1,train/1\508f038e9e78470ca6290f3515defaec.jpg
1,train/1\509877c6a00646a2a89ef9d4effaa31a.jpg
1,train/1\50ead4252898454d85c292523ae7fa6b.jpg
1,train/1\52dd2c9d29984a47bc602008466da923.jpg
1,train/1\53702ca83ea84c0a84cea86fd21adc11.jpg
1,train/1\53c15868a97d44899a7f6fc90f2c01ad.jpg
1,train/1\543c84dbbcf048b2910afdf41a307196.jpg
1,train/1\545743af0ea64de195446aa557fb2c45.jpg
1,train/1\5458e088b6bb4e2492596f6a6b5a0931.jpg
1,train/1\546d0b358c7a49839b40e5eeab8bd405.jpg
1,train/1\5505e02d458645148e49050757cc6e07.jpg
1,train/1\557979d3446b4f7f8db68cbce311a2ca.jpg
1,train/1\56429b879fde410ea2364a7b61e4ffbb.jpg
1,train/1\565687f849164b428245fb417d0e2e2c.jpg
1,train/1\5693d5a692134937ab38cc56b6672840.jpg
1,train/1\56cedcacff064b70960cb6277034f774.jpg
1,train/1\56cf22d2b78548c696c9a274b477c492.jpg
1,train/1\5722edda2e6b4fbd860977a79f85119b.jpg
1,train/1\5757ad0edb994fa2bade97f5fd17915d.jpg
1,train/1\5878f1fdbe454c7cadf513387cd46b09.jpg
1,train/1\5880d08cc740434994d9193d015dc446.jpg
1,train/1\5901a8af0b0a4794b1acd29b8ac0afa7.jpg
1,train/1\5919ffe7cad2489c9f5cee52d265092b.jpg
1,train/1\5a3f7566555e42e68f473c89238d10df.jpg
1,train/1\5a4d4304e8ab48e685c1da9bc9e2afb8.jpg
1,train/1\5a5a2c6722e14511b83c0391b492c590.jpg
1,train/1\5abc7f3ab8574bcab2cf403cde7b05c3.jpg
1,train/1\5b3156c83699473799470f848d3fffb3.jpg
1,train/1\5bc45cef3f7b4b0b88e04c084ed73141.jpg
1,train/1\5c4f6659e0cf4ee2a6d000a12854214c.jpg
1,train/1\5cec216a05b240f8a09e73ea61b96c31.jpg
1,train/1\5d38bde35e404e1ca29a431ad996a55f.jpg
1,train/1\5d4b2abfa3f044ffa2e8b2997596d018.jpg
1,train/1\5dd1b04a03ca4753a2b4f681cecd0b4e.jpg
1,train/1\5de84f6d0a2c42f18d175271411d427f.jpg
1,train/1\5e7d8ac720374aa9891972e7e9a7d1ea.jpg
1,train/1\5ed8c6b88eb143abae55a99b32791249.jpg
1,train/1\5f884254205c4c56a0dd28d8ec0e8540.jpg
1,train/1\5f9e6849e62f47378ae0703bf90bcddb.jpg
1,train/1\5fa76a8ac4a341b29442b6e3f53a976e.jpg
1,train/1\5fc0dcb60fc54f7ca4e7c503d251d3ec.jpg
1,train/1\6064d3ce06c04f2e80b095634efba65b.jpg
1,train/1\606ddfb480c14159b7f44c4fed0e37e3.jpg
1,train/1\609d2f1f04d348a6af60aaefefc8157c.jpg
1,train/1\60d5d82b1cd94392b8cfbd5d5695fff2.jpg
1,train/1\62352b7267d84ee297fbf458a562afba.jpg
1,train/1\6308bf8cdb3f4a8a872766c84219bdeb.jpg
1,train/1\631241d615ae4ccfb55cb1f2d9a56633.jpg
1,train/1\63a8c0a7f1b444fd9e2c0215cbedcd3e.jpg
1,train/1\64860fa379e3483d99066167175c02ae.jpg
1,train/1\649b93a3f8014510bf890187e5ecf5f4.jpg
1,train/1\64fb49aff3ac4ce9ae3eb183c04cf7f7.jpg
1,train/1\654f75f0ae2e4edaa064a48557247bed.jpg
1,train/1\656f600918a94645a246d5aa10ae52bf.jpg
1,train/1\656faf9ca14d4adab5756d3c0728b9d3.jpg
1,train/1\65ac6180bd73416789e0b6103e02efb3.jpg
1,train/1\66529f1164e340d3a85e0ff2f7686e0b.jpg
1,train/1\6919b5a6861543e08a12e51dfb984f2a.jpg
1,train/1\693c52d4bd484962aedbc46bc51ad7c0.jpg
1,train/1\693d0fd7ca4d45b7b06687036b010539.jpg
1,train/1\6a59f09a330647218dc8f6e4be5ab5f1.jpg
1,train/1\6a6731eac6d74c15ade04d61069919cd.jpg
1,train/1\6a9ff557cf844827913fc919bbc9aae8.jpg
1,train/1\6b13fd204f63437992fe1064ea9c5352.jpg
1,train/1\6b4dc825ee8b4bf49b5b0f9d83da7945.jpg
1,train/1\6b573bb476364489a529ec910e993ca6.jpg
1,train/1\6b83603d186249bbaa3e586325de8b57.jpg
1,train/1\6b9b24ffd25a434191d7b11093d444e3.jpg
1,train/1\6b9d5797f67242c7964bffb20071dd4a.jpg
1,train/1\6c26c21986fa480b90c585d9039c7f3f.jpg
1,train/1\6c53331aa33648af9087e9bdd70e5d80.jpg
1,train/1\6c572877fe664cbe9be2c9847da81f3a.jpg
1,train/1\6cb92c5d6b1644d2b08832463bf459f1.jpg
1,train/1\6d7925b675a740799c3d20139bab2e9d.jpg
1,train/1\6d9808f845854e86be3a2b90e6d80cb7.jpg
1,train/1\6e254fcf1b27424cab11f02c89714521.jpg
1,train/1\6e2fcc79a890458392c944b50656dd46.jpg
1,train/1\6e34dd8664a848bc9812b406cecd88fa.jpg
1,train/1\6e49e3f3046f43e1ba8cb420178655f7.jpg
1,train/1\6ef172fad61c47938c52573d9e53ad2d.jpg
1,train/1\6f118bb0c0c54b8a95ab8b85a278474b.jpg
1,train/1\6f60878034894ce294ce07d70108813c.jpg
1,train/1\6f8b75beb5194f60b1112f7556bb4be9.jpg
1,train/1\6fa87ced76a24b86af31fce0b896d01d.jpg
1,train/1\6fc0b1d62278467089a728728aeca026.jpg
1,train/1\6fe4f10a51f44ecfa2648390cedc9f42.jpg
1,train/1\6ff5238a587a4b1e8980d2ba911857ed.jpg
1,train/1\7021bf5764a34be9ab57f5feb09f5869.jpg
1,train/1\7048531107644ceab98690f777416315.jpg
1,train/1\718457b6606b47c2a390bd78628fe18f.jpg
1,train/1\727443726f9e4b1eb91a8506ecf51bec.jpg
1,train/1\72c853fe50e14b8ca5d5f930b24ad070.jpg
1,train/1\72e128b1a1064a1f842eca9fca719b23.jpg
1,train/1\7305ed3cb85b4bfc82299184f721aded.jpg
1,train/1\738a6e97b4fe4e6b8ed96a51a60e438b.jpg
1,train/1\73fe7681cae54cbc97f959dc0d622cf5.jpg
1,train/1\74470220a455463d823e74a4e90c6594.jpg
1,train/1\7551fbf6aec24dda9a233b2a9ae51d39.jpg
1,train/1\75e95c0243954aaa80125dab31f20384.jpg
1,train/1\7654fb91bdd34902adaea202beaf210b.jpg
1,train/1\76c60ce446f046c1ba92e41eab1ffe05.jpg
1,train/1\77778807b30840ac9ffbb774d066ee35.jpg
1,train/1\781b0dcb3a6d4c288a922574b5909a02.jpg
1,train/1\784b2705717246c7823d4c2ff3a2fd7b.jpg
1,train/1\78a9cea967494982adb6a6c5ead6586d.jpg
1,train/1\79847311fccc485b8aaf4b392887b47b.jpg
1,train/1\7a1a5f1198604e0aa5e48bda83527186.jpg
1,train/1\7aec007231f4474fae713e13a0d3eb50.jpg
1,train/1\7b6a7c567541466baa355fc9c3a6806b.jpg
1,train/1\7ba62c86117a476791bd3bf17760eb11.jpg
1,train/1\7c1a7ea8f49743188190e98443567497.jpg
1,train/1\7c2c171d67fd4be08575118c26c368b7.jpg
1,train/1\7cbc2814b5f74925b3b5abd7985e4f99.jpg
1,train/1\7cbf7bc248e64f7eaec475317fc20f58.jpg
1,train/1\7d8bea8b522e4dadad04a756d59cfdc4.jpg
1,train/1\7dcb41f542b2484ebf2ea5b4d401fd42.jpg
1,train/1\7deae7cf32d24272927fcc681f7f0fcf.jpg
1,train/1\7df11376dc814ec2adf2dd216cc8e645.jpg
1,train/1\7e80af75eb6f4722b6c0b5af15972339.jpg
1,train/1\7e8d2a54683c4291bc2883997319a55d.jpg
1,train/1\7ed10256585f4acb92e3c03714845a96.jpg
1,train/1\7f1e7f50e20446539805cc31cb1c4974.jpg
1,train/1\7f40dcdf4a0a496c8e9ca306c14f6866.jpg
1,train/1\80338828a5714acb975aca372a7b5b82.jpg
1,train/1\803911d554b2454e85cbeba4f48c9cb7.jpg
1,train/1\806b5bdb6a004d91a14045efeba38f9f.jpg
1,train/1\808f3e0d8bbc455382aaf55f65f326f7.jpg
1,train/1\809b258e6d6945aba17252104687cac5.jpg
1,train/1\80ceea8d586845e3ba9d790d41cf33bd.jpg
1,train/1\8218f2a67d364b5c85602f53c70b9e6c.jpg
1,train/1\821dafda1d7c47a3aadde42788c6403f.jpg
1,train/1\82719fbeb21941d8abd5832b8b13370d.jpg
1,train/1\82beccaeece949bebbca3244e52b6249.jpg
1,train/1\82d0899494724d00af895c007bdc91ce.jpg
1,train/1\82d1d83c3df6440a811cf3a65be43e38.jpg
1,train/1\8315a093cf68454daf688ff803c7456b.jpg
1,train/1\8366210f49d643ab9fc4b93ab5f62f34.jpg
1,train/1\83fd36079fe24f858d89b82596d214d6.jpg
1,train/1\84257e95a2184d10a2ede4075742f663.jpg
1,train/1\842cf6c62e94411f92b026345b86bb45.jpg
1,train/1\85e3f63826254065848e3be0f8acaaaa.jpg
1,train/1\86881de77882449f84921791f3ae2464.jpg
1,train/1\87de3dd2d2e544c1868e9afef04f559c.jpg
1,train/1\8874c6a85f644765a96e2ca7bc0039d0.jpg
1,train/1\8898514528054e9e83e47fa701d3a082.jpg
1,train/1\89664f5352214a8b8e1b4957813f5877.jpg
1,train/1\8a2610acc43c4754987ea8380cf69275.jpg
1,train/1\8a72f6fb7984429ea5038434e878526e.jpg
1,train/1\8a8ee9e72f3244aaa660175626bd34d5.jpg
1,train/1\8ac5f22e7507464a96ab4ec1124e14d8.jpg
1,train/1\8ac9efa8e63a4d75bece7583281ad349.jpg
1,train/1\8b15ef3c644a4832816057cfa42b9566.jpg
1,train/1\8b6b83e6a47f4c3f9b29a57eb3b1586f.jpg
1,train/1\8b7840fb9dce4f3b8b15fdd9fab4a1d8.jpg
1,train/1\8befe1a876574d5a98dd28ed6b8c6294.jpg
1,train/1\8c94935119da4df9b113ceb6b4b6b0a8.jpg
1,train/1\8c97d0d928a24278823f1f6620cd8813.jpg
1,train/1\8d452a164705446da9b8e507e9f5c116.jpg
1,train/1\8d7e9ce948f742418c9e8e515f75ffee.jpg
1,train/1\8d8407c9b7d24cbd900c16a4b099ec5c.jpg
1,train/1\8dc18b71ab2c4a1b9f7ac48a9aa0c64b.jpg
1,train/1\8e7afc184acd4e1db36c113fa762e6fe.jpg
1,train/1\8ed42667d88d4b979d3fc31f9b286f2b.jpg
1,train/1\8f1351d077e3425b82b26f2b73e47398.jpg
1,train/1\8f4c512bb2704cfc9c547f13b7ec4268.jpg
1,train/1\8f9319f6a09747dfb85dd92ede68cd0a.jpg
1,train/1\8fbcb8c8d70d4f9293cd6ae00567813d.jpg
1,train/1\8fd88224f46341eea88437848e4c567f.jpg
1,train/1\91a91d0d738a47faa7677921b3eb6ee1.jpg
1,train/1\92fff472ed11443b8e7b5b6803f6fb26.jpg
1,train/1\94b94ce0060d4ef3b3d3549868aee051.jpg
1,train/1\94d5f60f41814bc4901c552466b14267.jpg
1,train/1\956a99cd94874f289059591d1d8dd51d.jpg
1,train/1\9571b5fe7bf14ea0a848dd5bd43c62a3.jpg
1,train/1\95dbdd0e3b0041ba8b9e866bbab51976.jpg
1,train/1\9790ae787b564286a229471e616b1146.jpg
1,train/1\97c53739895d4650b87978b743613852.jpg
1,train/1\984e1003cfc04537a62b61134b7cbeb3.jpg
1,train/1\995158b9a1e7459083cf0c10ad1f3976.jpg
1,train/1\995b741be1a94fe998d3bd8d1828c9ea.jpg
1,train/1\9a5a41ea7e8e4c8f8ba9f1ad242eb5fe.jpg
1,train/1\9a9b86d634474d9d8a3f9aef9b59504d.jpg
1,train/1\9aebfb574bdb46c6b307a12e04bb0f02.jpg
1,train/1\9b0be640d47a4bb2919b03e8a4fbb187.jpg
1,train/1\9b1777feae80427a88fcfa0a8b4e055c.jpg
1,train/1\9c87509e46ea48218f8989ef31cdbdba.jpg
1,train/1\9ca5cc829e354a57adacfad07e7a040e.jpg
1,train/1\9d22798769f341f0b1252cf0f1954692.jpg
1,train/1\9e397cb84e9b45df90b2a043e8c89c89.jpg
1,train/1\9e7dd2a352684c6e89ca306be31e2973.jpg
1,train/1\9ee7de0e32d94154a7580da39c0f4d2a.jpg
1,train/1\9ee91618a5b84db28ff70af6b58a8e62.jpg
1,train/1\9f491a1837f649e294465f7c950b2d19.jpg
1,train/1\9f7dd2455b1644cca2f3bb203ebd5096.jpg
1,train/1\9fdcd164df25417fbcf6e135371eafd6.jpg
1,train/1\a0205814f2254b63bdee2d7a0b47a8db.jpg
1,train/1\a04cd41e2fbb432fbf63fa3328434335.jpg
1,train/1\a10775a54a2f4acc8597e00a9d5c1891.jpg
1,train/1\a126685d55a74f2cbd0080915f8800d2.jpg
1,train/1\a156ad4fd5804970865272a7f85e7001.jpg
1,train/1\a1de62fb336f43ca960fae790e97d1f1.jpg
1,train/1\a28ebe4dfb104c42a14be028597af466.jpg
1,train/1\a33c6441287748859ac7986b12a59804.jpg
1,train/1\a38c3f50a81242ee8440208a281051db.jpg
1,train/1\a3d6f4e716f6480cb9f002bfdb2397fb.jpg
1,train/1\a3e49edc20dc484294b7d97db1fd61e6.jpg
1,train/1\a4890d68ea1b45558b43934153b29078.jpg
1,train/1\a4f0a4de8996490090160bf0879eefcf.jpg
1,train/1\a5f93a1b8dd3496bac780086f3778015.jpg
1,train/1\a6b0bc6f7e014f0986b77497e362d177.jpg
1,train/1\a712cde866584d99b83a66345befdd33.jpg
1,train/1\a76350c85d004477a24222d394f5a78d.jpg
1,train/1\a786dfc5a3e1458cba56555f7a851a84.jpg
1,train/1\a7d0a61ae87845e98dbc66631fb3cf00.jpg
1,train/1\a7fd203cff064d96a4b60317e46112fa.jpg
1,train/1\a8592e402fa64e8fb018845920710208.jpg
1,train/1\a8c72f1e1d354370900b1fedd53f7416.jpg
1,train/1\a94258a149c04bf59dc19e8443593693.jpg
1,train/1\a948405bdada4199b05d9d6347b01c56.jpg
1,train/1\a9e584fc76df4ccfaab0547cfd63f20e.jpg
1,train/1\a9ee7ff8530440eea524b3128be92aae.jpg
1,train/1\aa53f36a4b634b67ab684871d0f55849.jpg
1,train/1\aafd2db7c71c43a997b1c142cf00ae30.jpg
1,train/1\ab3693e52e644739963a9b05e30c4bb2.jpg
1,train/1\aba01a965e34405790eaa2b807ef27f4.jpg
1,train/1\abbb9c6e07f94f2382e354751273c147.jpg
1,train/1\abda08886ed340c59bd3dd8fd3493103.jpg
1,train/1\ad77709cb11b403f9d88c755acfb50bc.jpg
1,train/1\ade5c1e792b0434ea1150ea2f96c5b20.jpg
1,train/1\ae13754e557049b4a43d45b5d9f8b8bf.jpg
1,train/1\aef3ae50065b45629386715945216f36.jpg
1,train/1\af7632e916d141e58c1ff3798c907864.jpg
1,train/1\aff9533197954d0b99978433903ba597.jpg
1,train/1\b07d514a5c3d492c9e78f215f14786eb.jpg
1,train/1\b114c290ef54414b8bda608c31d0f60e.jpg
1,train/1\b1f286e7ff954201b89b13823c1639e6.jpg
1,train/1\b1f6592ff66f46d79159341d503e8ec7.jpg
1,train/1\b22b2858d14a4ca6828176e8894c84df.jpg
1,train/1\b22da12d34d645329c5003d47317079b.jpg
1,train/1\b2c7961e21024fdfbd6058f90c250996.jpg
1,train/1\b3c736da59134863871c3f67920dca25.jpg
1,train/1\b46479c43d0641ad84ab49f20b823a52.jpg
1,train/1\b4be1b651cf140659fbdc58707f0e513.jpg
1,train/1\b51f4b1a0d37473d9c25417c2c58de14.jpg
1,train/1\b582d174d449431496dc669f7204005e.jpg
1,train/1\b5835bd130674906945ab2f485919254.jpg
1,train/1\b5b620defa0e43d595dcd0ba623f3083.jpg
1,train/1\b5ff3f2cadaa43449a72059db61e3688.jpg
1,train/1\b63b804dfc8041f2860c3bd8a72d5d49.jpg
1,train/1\b66a77eeae934b5a81f0fa418969b221.jpg
1,train/1\b6b9f561168f4cb4870d3fa2453d6b37.jpg
1,train/1\b700a8ea331a402ea215e28c60779f21.jpg
1,train/1\b7c418ed95b340c6a25a79c2023add5d.jpg
1,train/1\b8864bacd5e64b07a7febb64efd173a1.jpg
1,train/1\b8d7c342a0224fda89f6504e7243ed63.jpg
1,train/1\b92c9e42c83045ee9246308aae6a9e0d.jpg
1,train/1\b9784262749b40649a79c4b2368bedf6.jpg
1,train/1\b9b6ac6dbd3f4f45b78e26ecb4109bc6.jpg
1,train/1\b9d37cd08ac4454292b8e01b2270e3fa.jpg
1,train/1\bd3bdac3301746129a8ee0a3d8bcabb8.jpg
1,train/1\bd95027a4f574621ab2f3fb35e7f7d78.jpg
1,train/1\bdad3b1c05f8421baad36bb455870269.jpg
1,train/1\bdc9f804443c4f0a8f9a3f621469f474.jpg
1,train/1\bde9e12baa1e4b919ea21f1f47762498.jpg
1,train/1\be1b8c20333a401c95f628507fb84302.jpg
1,train/1\bec78659bcd84f04aea942f00af29eae.jpg
1,train/1\beca4a0bf9c84ec4942e33b90e66ac02.jpg
1,train/1\bf082df6baf9479681a31a6eea91a08e.jpg
1,train/1\bf46988f594f4cdaab2119482cece6f9.jpg
1,train/1\bf5f1359f8534215ba6413288f38acba.jpg
1,train/1\bfb5b9cff65a419a909912c2d82ddc6d.jpg
1,train/1\bfb8a93be16e445cb97d93e1f4c5ab00.jpg
1,train/1\bfd0ca16cab842449c34a949f680fa77.jpg
1,train/1\c09ffa0a0aea4d8fbf7b0a4105a78d25.jpg
1,train/1\c0a6f0b971db491aab2383dc2f33ea07.jpg
1,train/1\c0b005fdef3a4443af72ae0de22bebaa.jpg
1,train/1\c2679f0544974496bc9f22624765a74f.jpg
1,train/1\c26ba22816ff481aa026fcd10d60f43c.jpg
1,train/1\c28242601d6949ebba16413131247ea3.jpg
1,train/1\c30c40e777114f979fba25df96380017.jpg
1,train/1\c31a91727c294cc8a2e07511e4f64b5f.jpg
1,train/1\c3627a7f460d45c6b6986bdd02c9dac8.jpg
1,train/1\c369f74479f04c218e1e2f498b0420af.jpg
1,train/1\c36cde3a425a4b6c8fc946375dd8e036.jpg
1,train/1\c3c4813b1ac944ebaefe2b49bb194794.jpg
1,train/1\c3efb5ff00a74fc69046e793eb431041.jpg
1,train/1\c448f2f194ef43d99655732bbcd36bb1.jpg
1,train/1\c47900625be44d7983029a5fe8f0af99.jpg
1,train/1\c4797f06f7d84d8ca2e3f69d7647bfd6.jpg
1,train/1\c48d82d7d401498da1d53faa116225c6.jpg
1,train/1\c4d39ee3d2ca4ef1aaba85cf536ce3be.jpg
1,train/1\c55874dac4954b93a8b58ab2dca8d651.jpg
1,train/1\c6a011e64e03428d94ad6017706c4037.jpg
1,train/1\c6b61a0f8452457796de2c590284fa1a.jpg
1,train/1\c736fa116bcc4e04ac1326cfd72b3534.jpg
1,train/1\c89569090b77437784322c979b9a9c57.jpg
1,train/1\c932bcc4bbac4f639a3ced7710f2e8b9.jpg
1,train/1\ca96661b1dfd4b3892b3c990d92b845c.jpg
1,train/1\cb354af69ace4a76b4cf44e6382ccf30.jpg
1,train/1\cc0860cd171440c9892c6e3634b7e3ee.jpg
1,train/1\cc2380b43d0a483194d94dd21c520c23.jpg
1,train/1\ccd28a924505492593556513be845783.jpg
1,train/1\cd371690ba4a40bf99c99c22352276ed.jpg
1,train/1\cdf3d4f55a43472da18664c6e6477e40.jpg
1,train/1\ce567a9f503c4799a47f9d201e185c4a.jpg
1,train/1\ced922fd20f84922b3cc4a35e2329767.jpg
1,train/1\cf4eec2fb1154585905411c9bca599bf.jpg
1,train/1\cf9d5a57ff964fa5ad97b253ba0112dc.jpg
1,train/1\cff7a5e3829244fbb2fbd2121a333309.jpg
1,train/1\d0d750b9cf6d4fbb9d4608c314dbffce.jpg
1,train/1\d1d2cbd0f78f48ac88b36a14b11d295c.jpg
1,train/1\d22bd853729f4cfaa41bbe485db52af1.jpg
1,train/1\d27391c6c1d24ad8b1e5d7254176e812.jpg
1,train/1\d2eaa639ce3d49a0826d644b47df339e.jpg
1,train/1\d404cd4bc3e54b41b113ed49968218dd.jpg
1,train/1\d489b20905654a919729527c7e9bee4f.jpg
1,train/1\d495fd5d93294c208e44491a88bc04c6.jpg
1,train/1\d4a77c72526a476db161728a13483712.jpg
1,train/1\d4e02605d1c1415ea4bce9e4f036bb54.jpg
1,train/1\d51be7c463f64a0892b30341c896623f.jpg
1,train/1\d5988e5421504893a6e90c351d39659e.jpg
1,train/1\d5bf5e81cf97413ea56288e09d722085.jpg
1,train/1\d693f843711841199789c0010f32bf3f.jpg
1,train/1\d69e550a6326404ea9b2af268f5d9a5d.jpg
1,train/1\d7426e15209c4e769b3130439f4772e7.jpg
1,train/1\d7494b50b19c49c881e60b37d24c4923.jpg
1,train/1\d75ed965a0e340188301eacf445bde81.jpg
1,train/1\d75fc85a148142daa9ea06256231434c.jpg
1,train/1\d767626874af4ed997737e0c6a87d09f.jpg
1,train/1\d78058eabc1c4f3592af077d557a9923.jpg
1,train/1\d786320168a249398d14f987e0c0693c.jpg
1,train/1\d798b0afbb4e449690c9b592af07d831.jpg
1,train/1\d80d26e78bdd49a4b5204567268491d4.jpg
1,train/1\d9fa5d303b714f62b5950b42e04dbbfe.jpg
1,train/1\da0ea1de1d4a49c58b6828aac282ef90.jpg
1,train/1\da1726b4c97e444e8afb7ea07eea7f2c.jpg
1,train/1\da2ef00e42b1452db07f3a5e70b04b9b.jpg
1,train/1\da6cb697a46243e0ba7d37885927dac0.jpg
1,train/1\da83a4d1ba8d430790c539a7b484a5d0.jpg
1,train/1\db0502bd49e342adbdfc15b1df587aca.jpg
1,train/1\db5f4fb1ee954de883db0bc566680210.jpg
1,train/1\db75333221304746bf9218c4fcf7f086.jpg
1,train/1\db8330f51b814a5887cb1f21cc10a8f1.jpg
1,train/1\dbbc3bc96cda40cea08b03ab8919ac7f.jpg
1,train/1\dbdaaf38812b4c8c885253ca6b73d576.jpg
1,train/1\dcb2301763454f72bca97b53566cdb02.jpg
1,train/1\dd96e342ebf6448e850252dd510d85fd.jpg
1,train/1\de157e80f4b941f7b12bfa518c62e03c.jpg
1,train/1\df3060c7ac15458796200f65cbca05e6.jpg
1,train/1\dfd41555312e48ffbd3a147145254210.jpg
1,train/1\e05b7f70ed0542cc8665a40d07d6b00f.jpg
1,train/1\e11ee20bc3444a898e005ca808ffb680.jpg
1,train/1\e1762b68c5994318b0e8e8532818163b.jpg
1,train/1\e1bffb11ae114101b14231295699ef26.jpg
1,train/1\e3b846d11e454907be0cb005eb97fb3d.jpg
1,train/1\e3ec9b57f56d4265a15a80252a48981e.jpg
1,train/1\e4b724ef8a2e44a982d815ef6bd9ffcb.jpg
1,train/1\e4bba4c40a634290a8ad61b52d9c3591.jpg
1,train/1\e4ca9219e2264ca3bd18652b69311713.jpg
1,train/1\e4d4e3553d7c4f38865aad25a232333f.jpg
1,train/1\e4f1011a3f5e40bd8844ff1f1845d636.jpg
1,train/1\e4fd7637605a4196aab3f4cd595fb164.jpg
1,train/1\e5a3aaeca996460c9d2ff3caa349956e.jpg
1,train/1\e5bc35d23114452b8332e4100ee202f8.jpg
1,train/1\e699d3dad6ca4fc9b10b18c544ee11bf.jpg
1,train/1\e6d43150a8a742d0bdd0f0960efed8ef.jpg
1,train/1\e77395430b7841dda53a1f0bd65d2e4a.jpg
1,train/1\e7fe96233c94409fb91e7a2cdbe2bae8.jpg
1,train/1\e8231c5a6e9241c28e6db98dbeaa3ff8.jpg
1,train/1\e8a1ae2e86ab4f599b814239ef6faac9.jpg
1,train/1\e8d487df15bb4633a72300c8511efc4d.jpg
1,train/1\e8dcafa05be446408f724cac086c7c89.jpg
1,train/1\e8eab1e238c84b0980c727c3f922329e.jpg
1,train/1\e95b941cee25494397b84c4a4c0b02a0.jpg
1,train/1\e982caacfaea4efba9046058f822b068.jpg
1,train/1\ea8750e2521449a6ba14a2c055ed0623.jpg
1,train/1\ea9d7ecd2f854c0687c8975a1944765c.jpg
1,train/1\eb17d42ba8df4efc8dfaba0fc1990e25.jpg
1,train/1\eb3df5c0332a4d6d8a8ec21c08fa8482.jpg
1,train/1\eb91459bbf5f403a86b7ade599b98f60.jpg
1,train/1\eb916c04d2694d3b92b87d44b7f6b2ff.jpg
1,train/1\eb9966570b8c4c8aaeeb0eb46e806993.jpg
1,train/1\ebfa2c4b3a674765b49df3b48a4d64d8.jpg
1,train/1\ec2fb371338140f78b71fdd12764d9ed.jpg
1,train/1\ece2855566d04f1a968d76c417aa1b23.jpg
1,train/1\ed3a785bf34946c5b12943bb71801a11.jpg
1,train/1\ed59bc7286434ff59a3851933602d51e.jpg
1,train/1\eeb1102fa498469eab95b39070d9646c.jpg
1,train/1\ef3561b5bf274fcb95bac3a01554de06.jpg
1,train/1\f022b739cf594f3f89a697048dd8260f.jpg
1,train/1\f0febf868f554b919b04e65d276070d8.jpg
1,train/1\f101ae9f7f644b91a03f6849b020e764.jpg
1,train/1\f10fde30eca349c9b14dccb909b39613.jpg
1,train/1\f1610eff84e14fea882741f824ac4301.jpg
1,train/1\f1f553a012c2472483e6185d706946a5.jpg
1,train/1\f315d8b29a55450bb83f7dd3721603dd.jpg
1,train/1\f395c459923c401d82691b94bf145c07.jpg
1,train/1\f39940d46c734433ba0611a836cb2bcd.jpg
1,train/1\f447d8a2d2dd42dbbbf0e79e99f6a40c.jpg
1,train/1\f4bff95355db498fbf549cf3723be3e2.jpg
1,train/1\f4eba7af74b649c08b7e3bf3d75258e1.jpg
1,train/1\f583ed4ad4434570bf62be8d7796385f.jpg
1,train/1\f5b380f56e76495287443af72b53d6f2.jpg
1,train/1\f5e7cc34ae144cec92373a87a9286b7c.jpg
1,train/1\f5f1fa4d9b2748709182a87c262e923e.jpg
1,train/1\f6abbd1740644e98a6df1d71fa701c9d.jpg
1,train/1\f6e4b6c218664c5bb8268e27068899e0.jpg
1,train/1\f726fcdce98540dd9ddeff1a95d4597e.jpg
1,train/1\f75133f06f1648468926e44c30acab56.jpg
1,train/1\f77591d92fa84d84a52c6ef1e215373e.jpg
1,train/1\f797cb1450124bcd84362babac46893c.jpg
1,train/1\f933fe03227b449dae00e857ce88161c.jpg
1,train/1\f9585166965b4d10bf5abad1aab7300a.jpg
1,train/1\f97b03db983d4bb7a163904370597f96.jpg
1,train/1\f9b21192e9004572b408de4959bb9655.jpg
1,train/1\f9b61df3c6644bed84ae9a3bd68be0bb.jpg
1,train/1\f9f4fa7c92c0482394bfdd5a79618e9f.jpg
1,train/1\faf6176142f14a56a7529f5386590292.jpg
1,train/1\fbef36578a0b4971aeabb3e66fc5c7ba.jpg
1,train/1\fcd8dbd4f3184d2782d3dea45b9dbdf7.jpg
1,train/1\fd636ccfd290467fad6d04ce64b2750c.jpg
1,train/1\fe01c8b7b2c143e7a5be4c112c367821.jpg
1,train/1\fe5d6796eb1d47d7b18fefe5e7be9613.jpg
1,train/1\fee52c4c228945e582829bdf5720b968.jpg
1,train/1\ff18ff8f73d34e33932ff5857dde4f46.jpg
1,train/1\ff2dfb71ec0b4eebb574f0ca4b215295.jpg
1,train/1\ff4d144f5664448ea8d345148f7e84e4.jpg
